uid,title,abstract,year,venue,authors,doi,arxiv_id,url,source,query,query_role,family,advisor_seed,citation_count,matched_terms,retrieved_at,relevance_score,hostile_score
doi:10.7763/ijmo.2011.v1.30,Modeling Large Sliding Frictional Contact Along Non-Smooth Discontinuities in X-FEM,,2011,International Journal of Modeling and Optimization,Seyed Mohammad Jafar Taheri Mousavi; Seyedeh Mohadeseh Taheri Mousavi,10.7763/ijmo.2011.v1.30,,https://doi.org/10.7763/ijmo.2011.v1.30,crossref,non smooth mechanics robotics,anti_myopia,anti_thesis,,4,non smooth mechanics robotics,2026-06-12T15:07:36Z,25.005,28.005
doi:10.4271/2010-01-1057,An Efficient Spring Model Based on a Curved Beam with Non-Smooth Contact Mechanics for Valve Train Simulations,"The valve train plays a huge role in the performance of internal combustion engines by controlling the combustion process and is therefore one starting point to increase the efficiency of combustion engines. Considering the dynamics, the valve spring is the component with the lowest natural frequency in the motor and therefore plays a crucial role in the overall dynamics of the valve train. The spring force must be high enough to close the valve reliably and prevent the valves from bouncing of the seating due to surge modes after they have closed. Conversely, the spring force affect the friction level in the engine and therefore fuel consumption. For this reason the spring forces should be kept as low as possible. Modelling valve springs it has to be taken into account, that the dynamic response of the spring is substantially different from the static response. The internal dynamics of t",2010,SAE International Journal of Engines,Robert Huber; Jan Clauberg; Heinz Ulbrich,10.4271/2010-01-1057,,https://doi.org/10.4271/2010-01-1057,crossref,non smooth mechanics robotics,anti_myopia,anti_thesis,,9,non smooth mechanics robotics,2026-06-12T15:07:36Z,23.351,26.351
doi:10.3934/jimo.2021170,Generalization of hyperbolic smoothing approach for non-smooth and non-Lipschitz functions,"In this study, we concentrate on the hyperbolic smoothing technique for some sub-classes of non-smooth functions and introduce a generalization of hyperbolic smoothing technique for non-Lipschitz functions. We present some useful properties of this generalization of hyperbolic smoothing technique. In order to illustrate the efficiency of the proposed smoothing technique, we consider the regularization problems of image restoration. The regularization problem is recast by considering the generalization of hyperbolic smoothing technique and a new algorithm is developed. Finally, the minimization algorithm is applied to image restoration problems and the numerical results are reported.",2022,Journal of Industrial and Management Optimization,Nurullah Yilmaz; Ahmet Sahiner,10.3934/jimo.2021170,,https://doi.org/10.3934/jimo.2021170,crossref,non smooth mechanics robotics,anti_myopia,anti_thesis,,3,generalization; non smooth mechanics robotics,2026-06-12T15:07:36Z,22.343,26.343
doi:10.4271/2008-01-0291,Simulation of a Valve Train Using Non-Smooth Mechanics,"Nowadays, multi-body systems theory including bilateral and unilateral constraints is comparatively well established by means of set-valued force laws. Although methods of non-smooth mechanics enable a highly efficient modeling, they are not conventionally used in industrial practice. Therefore in the present paper a valve train including hydraulic elements like a hydraulic lash adjuster is modeled using above mentioned methods. A main focus is laid upon the treatment of contact problems and two different models are investigated. Contacts in multi-body dynamics are classically described using spring and damper elements minimizing penetration. This approach results in stiff differential equations with unintentional high eigenfrequencies and long computing times as well as uncertainties in the parameters for contact stiffness and damping. Whereas in rigid contact models the contact is supp",2008,SAE International Journal of Engines,Robert Huber; Heinz Ulbrich,10.4271/2008-01-0291,,https://doi.org/10.4271/2008-01-0291,crossref,non smooth mechanics robotics,anti_myopia,anti_thesis,,6,non smooth mechanics robotics,2026-06-12T15:07:36Z,21.573,25.573
doi:10.1016/j.cma.2024.117346,A variational-based non-smooth contact dynamics approach for the seismic analysis of historical masonry structures,,2024,Computer Methods in Applied Mechanics and Engineering,Nicola A. Nodargi; Paolo Bisegna,10.1016/j.cma.2024.117346,,https://doi.org/10.1016/j.cma.2024.117346,crossref,non smooth mechanics robotics,anti_myopia,anti_thesis,,14,contact dynamics; non smooth mechanics robotics,2026-06-12T15:07:36Z,22.354,25.354
doi:10.1016/s0045-7825(98)00383-1,The non-smooth contact dynamics method,,1999,Computer Methods in Applied Mechanics and Engineering,M. Jean,10.1016/s0045-7825(98)00383-1,,https://doi.org/10.1016/s0045-7825(98)00383-1,crossref,non smooth mechanics robotics,anti_myopia,anti_thesis,,717,contact dynamics; non smooth mechanics robotics,2026-06-12T15:07:36Z,22.200,25.200
doi:10.1016/j.tws.2026.115031,Compatibility analysis between two-phase local/nonlocal and classical theories for nanobeams in smooth and non-smooth fields,,2026,Thin-Walled Structures,Z.W. Song; S.K. Lai; Y.T. Zhang; C.W. Lim,10.1016/j.tws.2026.115031,,https://doi.org/10.1016/j.tws.2026.115031,crossref,non smooth mechanics robotics,anti_myopia,anti_thesis,,,non smooth mechanics robotics,2026-06-12T15:07:36Z,21.200,25.200
doi:10.1016/j.ijnonlinmec.2020.103565,A thermodynamically consistent non-linear mathematical model for thermoviscoelastic plates/shells with finite deformation and finite strain based on classical continuum mechanics,,2020,International Journal of Non-Linear Mechanics,K.S. Surana; S.S.C. Mathi,10.1016/j.ijnonlinmec.2020.103565,,https://doi.org/10.1016/j.ijnonlinmec.2020.103565,crossref,non smooth mechanics robotics,anti_myopia,anti_thesis,,5,non smooth mechanics robotics,2026-06-12T15:07:36Z,21.096,25.096
doi:10.1007/s00039-017-0408-9,Quasi-classical asymptotics for functions of Wiener–Hopf operators: smooth versus non-smooth symbols,,2017,Geometric and Functional Analysis,Alexander V. Sobolev,10.1007/s00039-017-0408-9,,https://doi.org/10.1007/s00039-017-0408-9,crossref,non smooth mechanics robotics,anti_myopia,anti_thesis,,12,non smooth mechanics robotics,2026-06-12T15:07:36Z,20.882,24.882
doi:10.1115/detc2021-74773,Steps Towards Non-Smooth Multibody Dynamics,"Abstract Before the background of many thoughts about contact and impact behavior with and without friction in the past centuries a comprehensive theory appeared not before the second half of the last century, mainly connected with the names of Moreau in Montpellier and Panagiotopoulos in Thessaloniki. My former Institute has been part of this evolution focusing on non-smooth multibody dynamics and on large systems. The local development from simple impact to complex contact systems including all possible contact details will be subject of the paper, considering also the necessary mathematical evolution from classical multibody system theory with bilateral constraints and single-valued forces to non-smooth multibody system theory with unilateral constraints and set-valued forces. Paper will be illustrated by practical examples.",2021,"Volume 9: 17th International Conference on Multibody Systems, Nonlinear Dynamics, and Control (MSNDC)",Friedrich Pfeiffer,10.1115/detc2021-74773,,https://doi.org/10.1115/detc2021-74773,crossref,non smooth mechanics robotics,anti_myopia,anti_thesis,,,non smooth mechanics robotics,2026-06-12T15:07:36Z,20.800,24.800
doi:10.15407/akademperiodyka.405.400,Eight Non-Classical Problems of Fracture Mechanics,,2020,,A.N. Guz,10.15407/akademperiodyka.405.400,,https://doi.org/10.15407/akademperiodyka.405.400,crossref,non smooth mechanics robotics,anti_myopia,anti_thesis,,2,non smooth mechanics robotics,2026-06-12T15:07:36Z,20.749,24.749
doi:10.1007/978-3-030-77501-8_1,Division into Classical and Non-classical Problems of Fracture Mechanics,,2022,Advanced Structured Materials Eight Non-Classical Problems of Fracture Mechanics,Aleksander N. Guz,10.1007/978-3-030-77501-8_1,,https://doi.org/10.1007/978-3-030-77501-8_1,crossref,non smooth mechanics robotics,anti_myopia,anti_thesis,,,non smooth mechanics robotics,2026-06-12T15:07:36Z,20.600,24.600
doi:10.1016/j.cma.2017.10.030,A primal–dual predictor–corrector interior point method for non-smooth contact dynamics,,2018,Computer Methods in Applied Mechanics and Engineering,Dario Mangoni; Alessandro Tasora; Rinaldo Garziera,10.1016/j.cma.2017.10.030,,https://doi.org/10.1016/j.cma.2017.10.030,crossref,non smooth mechanics robotics,anti_myopia,anti_thesis,,34,contact dynamics; non smooth mechanics robotics,2026-06-12T15:07:36Z,21.578,24.578
doi:10.23919/eusipco63237.2025.11226418,Smoothing ADMM for Non-Convex and Non-Smooth Hierarchical Federated Learning,,2025,2025 33rd European Signal Processing Conference (EUSIPCO),Reza Mirzaeifard; Stefan Werner,10.23919/eusipco63237.2025.11226418,,https://doi.org/10.23919/eusipco63237.2025.11226418,crossref,non smooth mechanics robotics,anti_myopia,anti_thesis,,1,non smooth mechanics robotics,2026-06-12T15:07:36Z,21.547,24.547
doi:10.1016/j.cma.2021.114153,A semi-smooth Newton and Primal–Dual Active Set method for Non-Smooth Contact Dynamics,,2021,Computer Methods in Applied Mechanics and Engineering,Stéphane Abide; Mikaël Barboteu; Soufiane Cherkaoui; Serge Dumont,10.1016/j.cma.2021.114153,,https://doi.org/10.1016/j.cma.2021.114153,crossref,non smooth mechanics robotics,anti_myopia,anti_thesis,,7,contact dynamics; non smooth mechanics robotics,2026-06-12T15:07:36Z,21.440,24.440
doi:10.3934/naco.2020004,"On a new smoothing technique for non-smooth, non-convex optimization",,2020,"Numerical Algebra, Control & Optimization",Nurullah Yilmaz; Ahmet Sahiner,10.3934/naco.2020004,,https://doi.org/10.3934/naco.2020004,crossref,non smooth mechanics robotics,anti_myopia,anti_thesis,,9,non smooth mechanics robotics,2026-06-12T15:07:36Z,21.351,24.351
doi:10.1007/s40571-019-00233-4,An improvement of rigid bodies contact for particle-based non-smooth walls modeling,,2019,Computational Particle Mechanics,Rubens Augusto Amaro Junior; Liang-Yee Cheng; Pedro Henrique Saggioratto Osello,10.1007/s40571-019-00233-4,,https://doi.org/10.1007/s40571-019-00233-4,crossref,non smooth mechanics robotics,anti_myopia,anti_thesis,,13,non smooth mechanics robotics,2026-06-12T15:07:36Z,21.320,24.320
doi:10.1002/zamm.201300254,Non‐smooth dynamics of coil contact in valve springs,"Abstract This contribution describes the dynamic simulation of the contact of coils of a valve spring within a multi‐body system application. The spring is described by a multi‐mass model. Contacting spring coils influence the dynamical properties of a valve spring significantly. The possible interaction between adjacent coils is modeled by means of non‐smooth mechanics. Signorini conditions on displacement level are imposed on contact candidates. The set of inequality constraints is transformed into a set of equations by introducing a nonlinear complementarity function, which contains the semi‐smooth maximum function. The set of equations of motion together with the contact constraints are integrated in time by a Backward Differentiation Formula (BDF) scheme. In each time step, the resulting nonlinear algebraic equation system is solved by a semi‐smooth Newton method. The approach is ev",2014,ZAMM - Journal of Applied Mathematics and Mechanics / Zeitschrift für Angewandte Mathematik und Mechanik,J. Haslinger; G. Offner; M. Sopouch,10.1002/zamm.201300254,,https://doi.org/10.1002/zamm.201300254,crossref,non smooth mechanics robotics,anti_myopia,anti_thesis,,3,non smooth mechanics robotics,2026-06-12T15:07:36Z,21.293,24.293
doi:10.21203/rs.3.rs-5454949/v1,Contact force multiscale calculation in the framework of the non-smooth dynamic approach,"Abstract Smooth contact models derived from the Hertz theory are widely used in structural dynamics analysis to calculate variable-in-time forces, stresses, and deformations. However, these models require very small time steps during the period in which bodies are in contact to integrate the equations of motion, yielding in a highly time-consuming numerical solution. Furthermore, penetration between bodies is unavoidable. On the other hand, non-smooth techniques use an impact law to calculate the impulses. They arrive to a scheme with a constant time step resulting in very efficient calculations. However, these techniques do not provide a straightforward approach to calculate the variable in time contact forces that are needed to verify or design the structural components. In this work, a new methodology of calculation of impact forces that combines the impulse values obtained from non-s",,,Federico José Cavalieri; Eliana Sánchez; Alberto Cardona,10.21203/rs.3.rs-5454949/v1,,https://doi.org/10.21203/rs.3.rs-5454949/v1,crossref,non smooth mechanics robotics,anti_myopia,anti_thesis,,,robustness; non smooth mechanics robotics,2026-06-12T15:07:36Z,20.250,24.250
doi:10.1115/detc99/vib-8054,Non-Smooth Dynamics and Non-Classical Bifurcations in Impulse-Impact Oscillators,"Abstract Some aspects of the nonlinear dynamics of an impulse-impact oscillator are investigated. After an initial description of the prototype mechanical model used to illustrate the results, attention is paid to the classical local and global bifurcations which are at the base of the changes of dynamical regime. Some non-classical phenomena due to the particular nature of the investigated system are then considered. At a local level, it is shown that periodic solutions may appear (or disappear) through a non-classical bifurcation which involves synchronization of impulses and impacts. Similarities and differences with the classical bifurcations are discussed. At a global level, the effects of the non-continuity of the orbits in the phase space on the basins of attraction topology are investigated. It is shown how this property is at the base of a non-classical homoclinic bifurcation wh",1999,Volume 7B: 17th Biennial Conference on Mechanical Vibration and Noise,Stefano Lenci; Giuseppe Rega,10.1115/detc99/vib-8054,,https://doi.org/10.1115/detc99/vib-8054,crossref,non smooth mechanics robotics,anti_myopia,anti_thesis,,1,non smooth mechanics robotics,2026-06-12T15:07:36Z,20.247,24.247
doi:10.70286/isu-15.04.2026.018,INTERPHASE INCLUSION UNDER SMOOTH CONTACT WITH NON-HOMOGENEOUS ANISOTROPIC PLANE,,2026,International Scientific Unity,Kostiantyn Arkhypenko,10.70286/isu-15.04.2026.018,,https://doi.org/10.70286/isu-15.04.2026.018,crossref,non smooth mechanics robotics,anti_myopia,anti_thesis,,,non smooth mechanics robotics,2026-06-12T15:07:36Z,21.200,24.200
doi:10.4271/2013-01-1119,Using Non-Smooth Mechanics and Parallelization Techniques for the Efficient Simulation of Different Types of Valve Springs,"In this paper, a spring model based on a curved beam is used for the simulation of cylindrical, conical and beehive valve springs. The internal dynamic are described by hyperbolic partial differential equations which are discretized by the finite element method. The contacts between adjacent windings are included using the Augmented Lagrangian method and non-smooth contact mechanics. For smooth contact modeling, spring and damper elements are used to minimize penetration of the bodies coming into contact. Rigid or non-smooth contact forces are subject to set-valued force laws describing the condition of non-penetration. Both contact models are compared. The derived spring models for all three types of winding shapes are validated in the frequency and time domain with experimental data. In the second part, a multi-body simulation model of an entire valve train including the derived spring",2013,SAE Technical Paper Series,Jan Clauberg; Robert Huber,10.4271/2013-01-1119,,https://doi.org/10.4271/2013-01-1119,crossref,non smooth mechanics robotics,anti_myopia,anti_thesis,,1,non smooth mechanics robotics,2026-06-12T15:07:36Z,20.947,23.947
doi:10.1016/j.cma.2007.06.002,A finite element formulation of non-smooth contact based on oriented volumes for quadrilateral and hexahedral elements,,2007,Computer Methods in Applied Mechanics and Engineering,G. Haikal; K.D. Hjelmstad,10.1016/j.cma.2007.06.002,,https://doi.org/10.1016/j.cma.2007.06.002,crossref,non smooth mechanics robotics,anti_myopia,anti_thesis,,23,non smooth mechanics robotics,2026-06-12T15:07:36Z,20.789,23.789
doi:10.1115/detc2010-29172,On a Solution Procedure to Synthesize Non-Smooth Path Generating Compliant Mechanisms With Self Contact,"A contact-aided compliant mechanism (CCM) is a single piece flexible continuum that uses the contact interactions between different portions in addition to the elastic deformation. Our work deals with the design of contact aided compliant mechanisms with initially curved frame elements to trace more complex and non smooth paths. We can achieve these kinematic tasks by using partially compliant mechanisms as well. But the presence of hinges is a disadvantage in terms of increased friction, backlash, need for lubrication, noise and vibrations. In this paper, we propose an automated procedure to obtain the optimum design of large deformation CCMs. Through commercial software, we simulate the formation of pseudo hinges at contact sites that get formed dynamically as the mechanism deforms. By appropriately positioning these pseudo hinges, i.e., by designing a suitable CCM, the aim, in general",2010,"Volume 2: 34th Annual Mechanisms and Robotics Conference, Parts A and B",B. V. S. Nagendra Reddy; Anupam Saxena,10.1115/detc2010-29172,,https://doi.org/10.1115/detc2010-29172,crossref,non smooth mechanics robotics,anti_myopia,anti_thesis,,1,non smooth mechanics robotics,2026-06-12T15:07:36Z,20.597,23.597
doi:10.1007/s10092-024-00629-6,Generalized convolution quadrature for non smooth sectorial problems,"Abstract We consider the application of the generalized convolution quadrature (gCQ) to approximate the solution of an important class of sectorial problems. The gCQ is a generalization of Lubich’s convolution quadrature (CQ) that allows for variable steps. The available stability and convergence theory for the gCQ requires non realistic regularity assumptions on the data, which do not hold in many applications of interest, such as the approximation of subdiffusion equations. It is well known that for non smooth enough data the original CQ, with uniform steps, presents an order reduction close to the singularity. We generalize the analysis of the gCQ to data satisfying realistic regularity assumptions and provide sufficient conditions for stability and convergence on arbitrary sequences of time points. We consider the particular case of graded meshes and show how to choose them optimally",2025,Calcolo,J. Guo; M. Lopez-Fernandez,10.1007/s10092-024-00629-6,,https://doi.org/10.1007/s10092-024-00629-6,crossref,non smooth mechanics robotics,anti_myopia,anti_thesis,,1,generalization; non smooth mechanics robotics,2026-06-12T15:07:36Z,19.597,23.597
doi:10.1016/j.euromechsol.2016.01.007,The method of a floating frame of reference for non-smooth contact dynamics,,2016,European Journal of Mechanics - A/Solids,Alexander Lozovskiy; Frédéric Dubois,10.1016/j.euromechsol.2016.01.007,,https://doi.org/10.1016/j.euromechsol.2016.01.007,crossref,non smooth mechanics robotics,anti_myopia,anti_thesis,,8,contact dynamics; non smooth mechanics robotics,2026-06-12T15:07:36Z,20.499,23.499
doi:10.1007/s12356-011-0019-3,Smooth/non-smooth contact modeling of human crowds movement: numerical aspects and application to emergency evacuations,,2011,Annals of Solid and Structural Mechanics,P. Pécol; S. Dal Pont; S. Erlicher; P. Argoul,10.1007/s12356-011-0019-3,,https://doi.org/10.1007/s12356-011-0019-3,crossref,non smooth mechanics robotics,anti_myopia,anti_thesis,,12,non smooth mechanics robotics,2026-06-12T15:07:36Z,20.482,23.482
doi:10.1007/s00466-006-0074-5,Non-smooth Nonlinear Equations Methods for Solving 3D Elastoplastic Frictional Contact Problems,,2007,Computational Mechanics,Z. Q. Hu; Ai-Kah Soh; W. J. Chen; X. W. Li; G. Lin,10.1007/s00466-006-0074-5,,https://doi.org/10.1007/s00466-006-0074-5,crossref,non smooth mechanics robotics,anti_myopia,anti_thesis,,12,non smooth mechanics robotics,2026-06-12T15:07:36Z,20.482,23.482
doi:10.1016/j.ijengsci.2023.103879,Nonlocal gradient mechanics of nanobeams for non-smooth fields,,2023,International Journal of Engineering Science,Raffaele Barretta; Andrea Caporale; Raimondo Luciano; Marzia Sara Vaccaro,10.1016/j.ijengsci.2023.103879,,https://doi.org/10.1016/j.ijengsci.2023.103879,crossref,non smooth mechanics robotics,anti_myopia,anti_thesis,,26,non smooth mechanics robotics,2026-06-12T15:07:36Z,20.448,23.448
doi:10.1115/ijtc2009-15123,Contact Mechanics Analysis of a Rubber Piece on a Smooth Plate,"In order to elucidate contact and friction characteristics of rubbers, numerical analysis of asperity contact mechanics of a rubber piece with a smooth glass plate was carried out on the basis of an asperity contact model that considers van der Waal’s (vdW) pressure. First, by ignoring vdW pressure and the elastic deformation of the mean height surface, asperity contact characteristics were analyzed using the measured Young’s modulus, and surface parameter values that could yield the measured contact area were estimated. Next, asperity contact characteristics were analyzed by considering the vdW pressure and elastic deformation of a rough sphere that is a model of a large-scale asperity having small-scale asperities. It was found that the actual contact area was similar to the measured contact area; this result could not be obtained without assuming an rms asperity height of ∼0.1 μm for ",2009,ASME/STLE 2009 International Joint Tribology Conference,Kyosuke Ono,10.1115/ijtc2009-15123,,https://doi.org/10.1115/ijtc2009-15123,crossref,non smooth mechanics robotics,anti_myopia,anti_thesis,,,non smooth mechanics robotics,2026-06-12T15:07:36Z,20.250,23.250
doi:10.1007/s004660000202,A new non-smooth model for three dimensional frictional contact problems,,2000,Computational Mechanics,Li Xuewen; Ai-Kash Soh; Chen Wanji,10.1007/s004660000202,,https://doi.org/10.1007/s004660000202,crossref,non smooth mechanics robotics,anti_myopia,anti_thesis,,7,non smooth mechanics robotics,2026-06-12T15:07:36Z,20.240,23.240
doi:10.1016/0301-679x(95)00067-e,Microtribological problems of physics and mechanics in smooth surface contact,,1996,Tribology International,A.I. Sviridenok; A.A. Chizhik; I.F. Sveklo,10.1016/0301-679x(95)00067-e,,https://doi.org/10.1016/0301-679x(95)00067-e,crossref,non smooth mechanics robotics,anti_myopia,anti_thesis,,5,non smooth mechanics robotics,2026-06-12T15:07:36Z,20.096,23.096
doi:10.4304/jnw.8.2.413-420,Optimality and Duality for Non-smooth Multiple Objective Semi-infinite Programming,,2013,Journal of Networks,Xiaoyan Gao,10.4304/jnw.8.2.413-420,,https://doi.org/10.4304/jnw.8.2.413-420,crossref,non smooth mechanics robotics,anti_myopia,anti_thesis,,4,non smooth mechanics robotics,2026-06-12T15:07:36Z,20.005,23.005
doi:10.5194/egusphere-egu23-13950,A non-smooth cohesive zone model for rock fracture and contact,"The effect of climate-change driven increases in temperature in high mountain areas is known to enhance the rockfall risk. One of the driving mechanisms is the fracture of rock masses that previously consisted of permafrost, but that are now subject to freeze-thaw cycles. Cohesive zone models are a high-fidelity way of modelling fracture propagation, and in particular extrinsic cohesive zone models are particularly suitable to the task of modelling rock fracture behaviour, as they can capture the full range of fracturing behaviour, from quasi-static to dynamic. As cracks in the field can progress very slowly before reaching a critical point from which they accelerate rapidly, being able to model the full range of crack speeds is essential to accurately capture the physics of rockfall initiation. Here, we propose a non-smooth cohesive zone model that allows us to combine fracture mechanic",,,Nicholas Collins-Craft; Franck Bourrier; Johan Gaume; Vincent Acary,10.5194/egusphere-egu23-13950,,https://doi.org/10.5194/egusphere-egu23-13950,crossref,non smooth mechanics robotics,anti_myopia,anti_thesis,,,non smooth mechanics robotics,2026-06-12T15:07:36Z,19.900,22.900
doi:10.4028/www.scientific.net/amm.341-342.491,Numerical Simulation for Non-Smooth Contact Problem in Mechanical Systems,"Friction and contact phenomenon widely exist in mechanical systems. In order to tackle the frictional contact problem of mechanical systems, efficient numerical resolution methods and simulation methods are put forward. A mixed nonlinear complementary model describing frictional contact problem is built based on time-stepping method and complementarity theories. In order to solve the model effectively, the block matrix method and linearization method are used to change the mixed nonlinear complementary problem into a linear complementary problem which can be easily solved. At last, the validity of the numerical resolution methods are verified through a numerical example.",2013,Applied Mechanics and Materials,Hai Tao Gao; Ya Li Han; Fei Hao; Song Qing Zhu,10.4028/www.scientific.net/amm.341-342.491,,https://doi.org/10.4028/www.scientific.net/amm.341-342.491,crossref,non smooth mechanics robotics,anti_myopia,anti_thesis,,1,non smooth mechanics robotics,2026-06-12T15:07:36Z,19.897,22.897
doi:10.1016/j.rcim.2023.102573,Precise and smooth contact force control for a hybrid mobile robot used in polishing,,2023,Robotics and Computer-Integrated Manufacturing,Fugui Xie; Zenghui Chong; Xin-Jun Liu; Huichan Zhao; Jinsong Wang,10.1016/j.rcim.2023.102573,,https://doi.org/10.1016/j.rcim.2023.102573,crossref,non smooth mechanics robotics,anti_myopia,anti_thesis,,45,force control; non smooth mechanics robotics,2026-06-12T15:07:36Z,19.714,22.714
doi:10.1007/s10483-022-2811-5,Non-smooth dynamic modeling and simulation of an unmanned bicycle on a curved pavement,"Abstract The non-smooth dynamic model of an unmanned bicycle is established to study the contact-separate and stick-slip non-smooth phenomena between wheels and the ground. According to the Carvallo-Whipple configuration, the unmanned bicycle is reduced to four rigid bodies, namely, rear wheel, rear frame, front fork, and front wheel, which are connected by perfect revolute joints. The interaction between each wheel and the ground is simplified as the normal contact force and the friction force at the contact point, and these forces are described by the Hunt-Crossley contact force model and the LuGre friction force model, respectively. According to the characteristics of flat and curved pavements, calculation methods for contact forces and their generalized forces are presented. The dynamics of the system is modeled by the Lagrange equations of the first kind, a numerical solution algori",2022,Applied Mathematics and Mechanics,Kaiming Zhang; Xudong Zheng; Zhang Chen; Bin Liang; Tianshu Wang; Qi Wang,10.1007/s10483-022-2811-5,,https://doi.org/10.1007/s10483-022-2811-5,crossref,non smooth mechanics robotics,anti_myopia,anti_thesis,,7,non smooth mechanics robotics,2026-06-12T15:07:36Z,19.690,22.690
doi:10.1007/978-3-319-40682-4_33,There Is No Flattening. There Is Self-contact and Contact with an Obstacle. Non Smooth Evolution,,2017,Springer Series in Solid and Structural Mechanics Virtual Work and Shape Change in Solid Mechanics,Michel Frémond,10.1007/978-3-319-40682-4_33,,https://doi.org/10.1007/978-3-319-40682-4_33,crossref,non smooth mechanics robotics,anti_myopia,anti_thesis,,,non smooth mechanics robotics,2026-06-12T15:07:36Z,19.600,22.600
doi:10.1007/978-3-319-40682-4_31,There Is Neither Flattening nor Self-contact or Contact with an Obstacle. Non Smooth Evolution,,2017,Springer Series in Solid and Structural Mechanics Virtual Work and Shape Change in Solid Mechanics,Michel Frémond,10.1007/978-3-319-40682-4_31,,https://doi.org/10.1007/978-3-319-40682-4_31,crossref,non smooth mechanics robotics,anti_myopia,anti_thesis,,,non smooth mechanics robotics,2026-06-12T15:07:36Z,19.600,22.600
doi:10.3390/info16060509,Incremental Weak Subgradient Methods for Non-Smooth Non-Convex Optimization Problems,"Non-smooth, non-convex optimization problems frequently arise in modern machine learning applications, yet solving them efficiently remains a challenge. This paper addresses the minimization of functions of the form f(x)=∑i=1mfi(x) where each component is Lipschitz continuous but potentially non-smooth and non-convex. We extend the incremental subgradient method by incorporating weak subgradients, resulting in a framework better suited for non-convex objectives. We provide a comprehensive convergence analysis for three step size strategies: constant, diminishing, and a novel dynamic approach. Our theoretical results show that all variants converge to a neighborhood of the optimal solution, with the size of this neighborhood governed by the weak subgradient parameters. Numerical experiments on classification tasks with non-convex regularization, evaluated on the Breast Cancer Wisconsin da",2025,Information,Narges Araboljadidi; Valentina De Simone,10.3390/info16060509,,https://doi.org/10.3390/info16060509,crossref,non smooth mechanics robotics,anti_myopia,anti_thesis,,1,non smooth mechanics robotics,2026-06-12T15:07:36Z,19.597,22.597
doi:10.1177/02783649922066673,"Modeling of Contact Mechanics and Friction Limit Surfaces for Soft Fingers in Robotics, with Experimental Results","A new theory in contact mechanics for modeling of soft fingers is proposed to define the relationship between the normal force and the radius of contact for soft fingers by considering general soft-finger materials, including linearly and nonlinearly elastic materials. The results show that the radius of contact is proportional to the normal force raised to the power of, which ranges from 0 to 1/3. This new theory subsumes the Hertzian contact model for linear elastic materials, where D 1/3. Experiments are conducted to validate the theory using artificial soft fingers made of various materials such as rubber and silicone. Results for human fingers are also compared. This theory provides a basis for numerically constructing friction limit surfaces. The numerical friction limit surface can be approximated by an ellipse, with the major and minor axes as the maximum friction force and the m",1999,The International Journal of Robotics Research,Nicholas Xydas; Imin Kao,10.1177/02783649922066673,,https://doi.org/10.1177/02783649922066673,crossref,non smooth mechanics robotics,anti_myopia,anti_thesis,,214,non smooth mechanics robotics,2026-06-12T15:07:36Z,19.585,22.585
doi:10.1002/pamm.200700220,Experiments in non‐smooth mechanics with a passive‐actuated robotic arm,"Abstract This paper describes various experiments for the parameter identification of a two‐link passive‐actuated robot manipulator. The proposed experiments can be used to determine the flexible properties of the physical structure, especially of both arms and of the shafts within the joints connecting them. In addition experiments for the major joint elements, namely the motor and the electromagnetically powered brake are being presented. (© 2008 WILEY‐VCH Verlag GmbH & Co. KGaA, Weinheim)",2007,PAMM,Tobias Welge‐Luessen,10.1002/pamm.200700220,,https://doi.org/10.1002/pamm.200700220,crossref,non smooth mechanics robotics,anti_myopia,anti_thesis,,,non smooth mechanics robotics,2026-06-12T15:07:36Z,19.550,22.550
doi:10.1007/s10957-022-02105-z,Applications of Conic Programming in Non-smooth Mechanics,,2024,Journal of Optimization Theory and Applications,Jeremy Bleyer,10.1007/s10957-022-02105-z,,https://doi.org/10.1007/s10957-022-02105-z,crossref,non smooth mechanics robotics,anti_myopia,anti_thesis,,2,non smooth mechanics robotics,2026-06-12T15:07:36Z,19.549,22.549
doi:10.1098/rsta.2023.0310,Non-smooth variational problems and applications in mechanics,,2024,"Philosophical Transactions of the Royal Society A: Mathematical, Physical and Engineering Sciences",Victor A. Kovtunenko; Hiromichi Itou; Alexander M. Khludnev; Evgeny M. Rudoy,10.1098/rsta.2023.0310,,https://doi.org/10.1098/rsta.2023.0310,crossref,non smooth mechanics robotics,anti_myopia,anti_thesis,,2,non smooth mechanics robotics,2026-06-12T15:07:36Z,19.549,22.549
doi:10.5151/meceng-wccm2012-18460,SIMULATING GRANULAR COLUMN COLLAPSE BY NON-SMOOTH CONTACT DYNAMICS,,2014,Blucher Mechanical Engineering Proceedings Proceedings of 10th World Congress on Computational Mechanics,J. Huang; K. Krabbenhoft; M. Vicente da Silva; A.V. Lyamin,10.5151/meceng-wccm2012-18460,,https://doi.org/10.5151/meceng-wccm2012-18460,crossref,non smooth mechanics robotics,anti_myopia,anti_thesis,,1,contact dynamics; non smooth mechanics robotics,2026-06-12T15:07:36Z,19.547,22.547
doi:10.1533/9781782421955.360,Smooth and non-smooth contact analysis of micro-surfaces of gear teeth,,2014,"International Gear Conference 2014: 26th–28th August 2014, Lyon",L. Liu; C.J. Zhou; Z.H. Wang,10.1533/9781782421955.360,,https://doi.org/10.1533/9781782421955.360,crossref,non smooth mechanics robotics,anti_myopia,anti_thesis,,1,non smooth mechanics robotics,2026-06-12T15:07:36Z,19.547,22.547
doi:10.1002/zamm.70309,The O(h2)$\mathcal {O}(h^2)$ virtual element method for a nonlinear sub‐diffusion equation involving a non‐smooth potential parameter,"Abstract The main goal of this study is to propose an efficient framework for solving time‐fractional nonlinear sub‐diffusion equations involving non‐smooth potential terms. By addressing such potential terms, this work alleviates key constraints in the equations of the existing model, enabling a more comprehensive treatment of associated inverse problems. The study is dedicated to establishing a rigorous theoretical framework utilizing a recently developed numerical methodology, ensuring robust and reliable solutions for such equations. The virtual element method, a generalization of the finite element method designed for polygonal and polyhedral meshes under the Galerkin framework, is employed. A fully discrete scheme is constructed using virtual elements for the spatial domain and the Grünwald–Letnikov equality combined with backward Euler‐convolution quadrature for temporal discretiz",2025,ZAMM - Journal of Applied Mathematics and Mechanics / Zeitschrift für Angewandte Mathematik und Mechanik,Zaffar Mehdi Dar; M Chandru,10.1002/zamm.70309,,https://doi.org/10.1002/zamm.70309,crossref,non smooth mechanics robotics,anti_myopia,anti_thesis,,2,generalization; robustness; non smooth mechanics robotics,2026-06-12T15:07:36Z,17.449,22.449
doi:10.1002/cphy.c140072,Mechanics of Vascular Smooth Muscle,"ABSTRACT Vascular smooth muscle (VSM; see Table 1 for a list of abbreviations) is a heterogeneous biomaterial comprised of cells and extracellular matrix. By surrounding tubes of endothelial cells, VSM forms a regulated network, the vasculature, through which oxygenated blood supplies specialized organs, permitting the development of large multicellular organisms. VSM cells, the engine of the vasculature, house a set of regulated nanomotors that permit rapid stress‐development, sustained stress‐maintenance and vessel constriction. Viscoelastic materials within, surrounding and attached to VSM cells, comprised largely of polymeric proteins with complex mechanical characteristics, assist the engine with countering loads imposed by the heart pump, and with control of relengthening after constriction. The complexity of this smart material can be reduced by classical mechanical studies combin",2015,Comprehensive Physiology,Paul H. Ratz,10.1002/cphy.c140072,,https://doi.org/10.1002/cphy.c140072,crossref,non smooth mechanics robotics,anti_myopia,anti_thesis,,17,non smooth mechanics robotics,2026-06-12T15:07:36Z,18.345,22.345
doi:10.1002/j.2040-4603.2016.tb00671.x,Mechanics of Vascular Smooth Muscle,"ABSTRACT Vascular smooth muscle (VSM; see Table 1 for a list of abbreviations) is a heterogeneous biomaterial comprised of cells and extracellular matrix. By surrounding tubes of endothelial cells, VSM forms a regulated network, the vasculature, through which oxygenated blood supplies specialized organs, permitting the development of large multicellular organisms. VSM cells, the engine of the vasculature, house a set of regulated nanomotors that permit rapid stress‐development, sustained stress‐maintenance and vessel constriction. Viscoelastic materials within, surrounding and attached to VSM cells, comprised largely of polymeric proteins with complex mechanical characteristics, assist the engine with countering loads imposed by the heart pump, and with control of relengthening after constriction. The complexity of this smart material can be reduced by classical mechanical studies combin",2016,Comprehensive Physiology,Paul H. Ratz,10.1002/j.2040-4603.2016.tb00671.x,,https://doi.org/10.1002/j.2040-4603.2016.tb00671.x,crossref,non smooth mechanics robotics,anti_myopia,anti_thesis,,11,non smooth mechanics robotics,2026-06-12T15:07:36Z,18.342,22.342
doi:10.1177/0278364908099462,"Simple and Efficient Algorithms for Computing Smooth, Collision-free Feedback Laws Over Given Cell Decompositions","This paper presents a novel approach to computing feedback laws in the presence of obstacles. Instead of computing a trajectory between a pair of initial and goal states, our algorithms compute a vector field over the entire state space; all trajectories obtained from following this vector field are guaranteed to asymptotically reach the goal state. As a result, the vector field globally solves the navigation problem and provides robustness to disturbances in sensing and control. The vector field's integral curves (system trajectories) are guaranteed to avoid obstacles and are C ∞ smooth. We construct a vector field with these properties by partitioning the space into simple cells, defining local vector fields for each cell, and smoothly interpolating between them to obtain a global vector field. We present an algorithm that computes these feedback controls for a kinematic point robot in",2009,The International Journal of Robotics Research,Stephen R. Lindemann; Steven M. LaValle,10.1177/0278364908099462,,https://doi.org/10.1177/0278364908099462,crossref,non smooth mechanics robotics,anti_myopia,anti_thesis,,61,robustness; non smooth mechanics robotics,2026-06-12T15:07:36Z,18.314,22.314
doi:10.1017/jfm.2012.271,Stability of rotating non-smooth complex fluids,"Abstract We extend the classical energy criterion for stability, the Lagrange–Dirichlet theorem, to rotating non-smooth complex fluids. The stability test so developed is very general and may be applied to most rotating non-smooth systems where the spectral method is inapplicable. In the process, we rigourously define an appropriate coordinate system in which to investigate stability – this happens to be the well-known Tisserand mean axis of the body – as well as systematically distinguish perturbations that introduce angular momentum and/or jumps in the stress state from those that do not. With a view to future application to planetary objects, we specialize the stability test to freely rotating self-gravitating ellipsoids. This is then employed to investigate the stability to homogeneous perturbations of rotating inviscid fluid ellipsoids. We recover results consistent with earlier pre",2012,Journal of Fluid Mechanics,Ishan Sharma,10.1017/jfm.2012.271,,https://doi.org/10.1017/jfm.2012.271,crossref,non smooth mechanics robotics,anti_myopia,anti_thesis,,7,non smooth mechanics robotics,2026-06-12T15:07:36Z,18.290,22.290
doi:10.1007/s40571-020-00329-2,A smooth contact algorithm for the combined finite discrete element method,,2020,Computational Particle Mechanics,Zhou Lei; Esteban Rougier; Bryan Euser; Antonio Munjiza,10.1007/s40571-020-00329-2,,https://doi.org/10.1007/s40571-020-00329-2,crossref,non smooth mechanics robotics,anti_myopia,anti_thesis,,62,non smooth mechanics robotics,2026-06-12T15:07:36Z,19.272,22.272
doi:10.1016/s0020-7462(98)00023-7,Non-classical effects in non-linear analysis of pretwisted anisotropic strips,,1999,International Journal of Non-Linear Mechanics,Dewey H. Hodges; Dineshkumar Harursampath; Vitali V. Volovoi; Carlos E.S. Cesnik,10.1016/s0020-7462(98)00023-7,,https://doi.org/10.1016/s0020-7462(98)00023-7,crossref,non smooth mechanics robotics,anti_myopia,anti_thesis,,56,non smooth mechanics robotics,2026-06-12T15:07:36Z,18.222,22.222
doi:10.1177/1081286517751262,On a paradox in the impact dynamics of smooth rigid bodies,"Paradoxes in the impact dynamics of rigid bodies are known to arise in the presence of friction. We show here that, on specific occasions, in the absence of friction, the conservation laws of classical mechanics are also incompatible with the collisions of smooth, strictly convex rigid bodies. Under the assumption that the impact impulse is along the normal direction to the surface at the contact point, two convex rigid bodies that are well separated can come into contact, and then interpenetrate each other. This paradox can be demonstrated in both 2D and 3D when the collisions are tangential, in which case no momentum or energy transfer between the two bodies is possible. The postcollisional interpenetration can be realized through the contact points or through neighboring points only. The penetration distance is shown to be [Formula: see text]. The conclusion is that rigid-body dynamic",2019,Mathematics and Mechanics of Solids,Peter Palffy-Muhoray; Epifanio G Virga; Mark Wilkinson; Xiaoyu Zheng,10.1177/1081286517751262,,https://doi.org/10.1177/1081286517751262,crossref,non smooth mechanics robotics,anti_myopia,anti_thesis,,4,non smooth mechanics robotics,2026-06-12T15:07:36Z,18.205,22.205
doi:10.1016/j.cma.2007.08.003,Corrigendum to “A finite element formulation of non-smooth contact based on oriented volumes for quadrilateral and hexahedral elements” [Comput. Methods Appl. Mech. Engrg. 196 (2007) 4690–4711],,2008,Computer Methods in Applied Mechanics and Engineering,G. Haikal; K.D. Hjelmstad,10.1016/j.cma.2007.08.003,,https://doi.org/10.1016/j.cma.2007.08.003,crossref,non smooth mechanics robotics,anti_myopia,anti_thesis,,,non smooth mechanics robotics,2026-06-12T15:07:36Z,19.200,22.200
doi:10.1201/9781420087024-c9,Some Fracture Mechanics Problems Related to Contact Fatigue. Contact Fatigue Modeling for Smooth Elastic Surfaces,,2010,Modern Mechanics and Mathematics Modeling and Analytical Methods in Tribology,,10.1201/9781420087024-c9,,https://doi.org/10.1201/9781420087024-c9,crossref,non smooth mechanics robotics,anti_myopia,anti_thesis,,,non smooth mechanics robotics,2026-06-12T15:07:36Z,19.200,22.200
doi:10.1115/1.4028753,On Slip Inception and Static Friction for Smooth Dry Contact,"Slip inception mechanism is very important for modeling of static friction and understanding of some experimental observations of friction. In this work, slip inception was treated as a local competence of interfacial bonding failure and weaker material failure. At any contacting point, if bond shear strength is weaker than softer material shear strength, slip inception is governed by interfacial bonding failure. Otherwise, it is governed by softer material failure. Considering the possible co-existence of these two slip inception mechanisms during presliding, a hybrid static friction model for smooth dry contact was proposed, which indicates that the static friction consists of two components: one contributed by contact area where bonding failure is dominant and the other contributed by contact area where material failure is dominant. With the proposed static friction model, the effects",2014,Journal of Applied Mechanics,Xi Shi,10.1115/1.4028753,,https://doi.org/10.1115/1.4028753,crossref,non smooth mechanics robotics,anti_myopia,anti_thesis,,12,non smooth mechanics robotics,2026-06-12T15:07:36Z,18.182,22.182
doi:10.1016/j.jnnfm.2023.105062,Close-contact melting of phase change materials with a non-Newtonian power-law fluid liquid phase—Modeling and analysis,,2023,Journal of Non-Newtonian Fluid Mechanics,Yoram Kozak,10.1016/j.jnnfm.2023.105062,,https://doi.org/10.1016/j.jnnfm.2023.105062,crossref,non smooth mechanics robotics,anti_myopia,anti_thesis,,14,non smooth mechanics robotics,2026-06-12T15:07:36Z,19.154,22.154
doi:10.18282/ip.v2i1.187,Non-smooth waves and anti-solitons in the general Degasperis-Procesi model,"We consider the general Degasperis-Procesi model of shallow water out-flows, which generalizes the list of famous equations: KdV, Benjamin-Bona-Mahony, Camassa-Holm, and Degasperis-Procesi. Our main object is the construction of non-smooth self-similar solutions of this equation. Along with the standard waves (peakons and cuspons) we present a new type of solutions (call them ""twins"") which is a combination of solitons and cuspons. We demonstrate also the wave-kind dependence on the amplitude for the waves (solitons, peakons, cuspons, and twins) with positive and negative amplitudes.",2019,Insight - Physics,Georgy Omelyanov,10.18282/ip.v2i1.187,,https://doi.org/10.18282/ip.v2i1.187,crossref,non smooth mechanics robotics,anti_myopia,anti_thesis,,,non smooth mechanics robotics,2026-06-12T15:07:36Z,18.050,22.050
doi:10.1007/978-3-030-92672-4_1,Hybrid Discretizations in Solid Mechanics for Non-linear and Non-smooth Problems,,2022,Lecture Notes in Applied and Computational Mechanics Non-standard Discretisation Methods in Solid Mechanics,H. R. Bayat; J. Krämer; S. Reese; C. Wieners; B. Wohlmuth; L. Wunderlich,10.1007/978-3-030-92672-4_1,,https://doi.org/10.1007/978-3-030-92672-4_1,crossref,non smooth mechanics robotics,anti_myopia,anti_thesis,,1,non smooth mechanics robotics,2026-06-12T15:07:36Z,18.947,21.947
doi:10.1142/s0219887813500618,GEOMETRIC FORMULATION OF NON-AUTONOMOUS MECHANICS,We address classical and quantum mechanics in a general setting of arbitrary time-dependent transformations. Classical non-relativistic mechanics is formulated as a particular field theory on smooth fiber bundles over a time axis ℝ. Connections on these bundles describe reference frames. Quantum non-autonomous mechanics is phrased in geometric terms of Banach and Hilbert bundles and connections on these bundles. A quantization scheme speaking this language is geometric quantization.,2013,International Journal of Geometric Methods in Modern Physics,G. SARDANASHVILY,10.1142/s0219887813500618,,https://doi.org/10.1142/s0219887813500618,crossref,geometric robotics,anti_myopia,anti_thesis,,1,geometric robotics,2026-06-12T15:07:36Z,17.947,21.947
doi:10.3390/electronics14020353,Generalized Non-Convex Non-Smooth Group-Sparse Residual Prior for Image Denoising,"Image denoising is a classic yet challenging problem in low-level image processing. Traditional image denoising approaches using convex regularized prior (e.g., L1-norm) often bring bias problems. To address this issue, a novel prior model based on a family of non-convex functions and group sparsity residual (GSC) prior constraint for image denoising is studied. We propose a generalized non-convex GSC prior model for the image denoising problem. We first utilize the group-sparse representation (GSR) before exploiting image prior information. Specifically, to further improve the image denoising performance of the GSC prior model, we employ several typical non-convex surrogate functions for the sparsity constraint. Then, a fast and efficient thresholding algorithm is proposed to minimize the resulting optimization problem. The experimental results have demonstrated that our proposed method",2025,Electronics,Shaohe Wang; Rui Han; Ping Qian; Chen Li,10.3390/electronics14020353,,https://doi.org/10.3390/electronics14020353,crossref,non smooth mechanics robotics,anti_myopia,anti_thesis,,,non smooth mechanics robotics,2026-06-12T15:07:36Z,18.900,21.900
doi:10.1016/j.ijnonlinmec.2022.104343,Continuation analysis of overhung rotor bouncing cycles with smooth and contact nonlinearities,,2023,International Journal of Non-Linear Mechanics,Mehmet Selim Akay; Alexander D. Shaw; Michael I. Friswell,10.1016/j.ijnonlinmec.2022.104343,,https://doi.org/10.1016/j.ijnonlinmec.2022.104343,crossref,non smooth mechanics robotics,anti_myopia,anti_thesis,,8,non smooth mechanics robotics,2026-06-12T15:07:36Z,18.899,21.899
arxiv:2507.07829v1,Towards Benchmarking Foundation Models for Tabular Data With Text,"Foundation models for tabular data are rapidly evolving, with increasing interest in extending them to support additional modalities such as free-text features. However, existing benchmarks for tabular data rarely include textual columns, and identifying real-world tabular datasets with semantically rich text features is non-trivial. We propose a series of simple yet effective ablation-style strategies for incorporating text into conventional tabular pipelines. Moreover, we benchmark how state-of-the-art tabular foundation models can handle textual data by manually curating a collection of real-world tabular datasets with meaningful textual features. Our study is an important step towards improving benchmarking of foundation models for tabular data with text.",2025,arXiv,Martin Mráz; Breenda Das; Anshul Gupta; Lennart Purucker; Frank Hutter,,2507.07829v1,http://arxiv.org/abs/2507.07829v1,arxiv,robot foundation model failure mode,hostile,failure,,,robot foundation model; failure mode; benchmark; ablation,2026-06-12T14:45:03Z,14.850,21.850
doi:10.4028/www.scientific.net/amm.256-259.979,A General Form of Constitutive Relations in Non-Smooth Elastoplasticity,A general formulation of constitutive relations in non-smooth elastoplasticity is presented. The treatment applies to general non-smooth plasticity problems and to problems characterized by non-smooth yield criteria or dealing with non-differentiable functions. The mathematical tools and instruments of convex analysis and subdifferential calculus are suitably applied since they provide the proper mathematical instruments for dealing with non-smooth problems and non-differentiable functions. General formulations of constitutive relations and evolutive laws in non-smooth elastoplasticity are illustrated within the presented theoretical framework. Connections between the proposed mathematical treatment and the classical relations in elastoplasticity are illustrated and discussed in detail. The presented generalized treatment is equipped with considerable advantages since it shows to be idea,2012,Applied Mechanics and Materials,Fabio de Angelis,10.4028/www.scientific.net/amm.256-259.979,,https://doi.org/10.4028/www.scientific.net/amm.256-259.979,crossref,non smooth mechanics robotics,anti_myopia,anti_thesis,,2,non smooth mechanics robotics,2026-06-12T15:07:36Z,17.799,21.799
doi:10.1002/mma.811,Non‐standard finite difference schemes for multi‐dimensional second‐order systems in non‐smooth mechanics,"Abstract This work is an extension of the paper ( Proc. R. Soc. London 2005; 461A :1927–1950) to impact oscillators with more than one degree of freedom. Given the complex and even chaotic behaviour of these non‐smooth mechanical systems, it is essential to incorporate their qualitative physical properties, such as the impact law and the frequencies of the systems, into the envisaged numerical methods if the latter is to be reliable. Based on this strategy, we design several non‐standard finite difference schemes. Apart from their excellent error bounds and unconditional stability, the schemes are analysed for their efficiency to preserve some important physical properties of the systems including, among others, the conservation of energy between consecutive impact times, the periodicity of the motion and the boundedness of the solutions. Numerical simulations that support the theory are",2007,Mathematical Methods in the Applied Sciences,Yves Dumont; Jean M.‐S. Lubuma,10.1002/mma.811,,https://doi.org/10.1002/mma.811,crossref,non smooth mechanics robotics,anti_myopia,anti_thesis,,5,non smooth mechanics robotics,2026-06-12T15:07:36Z,18.796,21.796
doi:10.1016/j.euromechsol.2010.03.011,Shakedown theorems and asymptotic behaviour of solids in non-smooth mechanics,,2010,European Journal of Mechanics - A/Solids,Michaël Peigney,10.1016/j.euromechsol.2010.03.011,,https://doi.org/10.1016/j.euromechsol.2010.03.011,crossref,non smooth mechanics robotics,anti_myopia,anti_thesis,,21,non smooth mechanics robotics,2026-06-12T15:07:36Z,18.746,21.746
doi:10.1016/s0020-7462(98)00037-7,Group classification of a non-Newtonian fluid model using classical approach and equivalence transformations,,1999,International Journal of Non-Linear Mechanics,Muhammet Yürüsoy; Mehmet Pakdemirli,10.1016/s0020-7462(98)00037-7,,https://doi.org/10.1016/s0020-7462(98)00037-7,crossref,non smooth mechanics robotics,anti_myopia,anti_thesis,,20,non smooth mechanics robotics,2026-06-12T15:07:36Z,17.722,21.722
doi:10.1201/9781351003629-72,Modelling rockfall dynamics using (convex) non-smooth mechanics,,2018,Numerical Methods in Geotechnical Engineering IX,G. Lu; A. Caviezel; M. Christen; Y. Bühler; P. Bartelt,10.1201/9781351003629-72,,https://doi.org/10.1201/9781351003629-72,crossref,non smooth mechanics robotics,anti_myopia,anti_thesis,,5,non smooth mechanics robotics,2026-06-12T15:07:36Z,18.696,21.696
doi:10.1016/j.jrmge.2013.12.003,Discrete modeling of rock joints with a smooth-joint contact model,,2014,Journal of Rock Mechanics and Geotechnical Engineering,C. Lambert; C. Coll,10.1016/j.jrmge.2013.12.003,,https://doi.org/10.1016/j.jrmge.2013.12.003,crossref,non smooth mechanics robotics,anti_myopia,anti_thesis,,111,non smooth mechanics robotics,2026-06-12T15:07:36Z,18.559,21.559
doi:10.1016/j.ijnonlinmec.2021.103805,On the mechanics of inflated hyperelastic membrane–membrane contact problem,,2021,International Journal of Non-Linear Mechanics,Nirmal Kumar; Udbhav Vishwakarma; Anirvan DasGupta,10.1016/j.ijnonlinmec.2021.103805,,https://doi.org/10.1016/j.ijnonlinmec.2021.103805,crossref,non smooth mechanics robotics,anti_myopia,anti_thesis,,9,non smooth mechanics robotics,2026-06-12T15:07:36Z,18.551,21.551
doi:10.1016/j.euromechsol.2026.106085,Smooth contact of interface crack faces under complex loading,,2026,European Journal of Mechanics - A/Solids,V.I. Оstryk,10.1016/j.euromechsol.2026.106085,,https://doi.org/10.1016/j.euromechsol.2026.106085,crossref,non smooth mechanics robotics,anti_myopia,anti_thesis,,1,non smooth mechanics robotics,2026-06-12T15:07:36Z,18.547,21.547
doi:10.1016/j.ijnonlinmec.2025.105254,A non-iterative method for nonlinear modal analysis of frictional systems using contact-state interpolation,,2026,International Journal of Non-Linear Mechanics,Yi Yao; Yanbin Lei; Louis Jézéquel; Xingrong Huang,10.1016/j.ijnonlinmec.2025.105254,,https://doi.org/10.1016/j.ijnonlinmec.2025.105254,crossref,non smooth mechanics robotics,anti_myopia,anti_thesis,,1,non smooth mechanics robotics,2026-06-12T15:07:36Z,18.547,21.547
doi:10.1016/j.ijnonlinmec.2005.07.005,Non-classical symmetry and Riemann invariants,,2006,International Journal of Non-Linear Mechanics,Souichi Murata,10.1016/j.ijnonlinmec.2005.07.005,,https://doi.org/10.1016/j.ijnonlinmec.2005.07.005,crossref,non smooth mechanics robotics,anti_myopia,anti_thesis,,13,non smooth mechanics robotics,2026-06-12T15:07:36Z,17.520,21.520
doi:10.3390/lubricants7070059,Non Smooth Contact Dynamics Approach for Mechanical Systems Subjected to Friction-Induced Vibration,"The modeling of contact is one of the main features of contact dynamics in the context of friction-induced vibrations. It can have a strong impact on the numerical results and consequently on the design choices during the optimization or specification of industrial mechanical systems. This is particularly the case for scientific studies interested in brake squeal. The objective of the paper is to recall and to promote developments concerning the use of non smooth contact dynamics approach for numerical simulations based on finite element method. The specific problem of the prediction of self-excited vibration in the context of brake squeal is discussed. In order to illustrate the potential benefit for the mechanical community of using formulations and theoretical developments from the mathematical community, the stability analysis and the estimation of nonlinear vibrations of a brake sys",2019,Lubricants,Jean-Jacques Sinou; Olivier Chiello; Lucien Charroyer,10.3390/lubricants7070059,,https://doi.org/10.3390/lubricants7070059,crossref,contact dynamics robot learning,concept,contact,,3,contact dynamics,2026-06-12T15:07:36Z,21.493,21.493
doi:10.1109/robosoft55895.2023.10121919,An Efficient Framework for the Solution of Contact Mechanics Problems in Soft Robotics,,2023,2023 IEEE International Conference on Soft Robotics (RoboSoft),Kevin Wandke; Y Z,10.1109/robosoft55895.2023.10121919,,https://doi.org/10.1109/robosoft55895.2023.10121919,crossref,non smooth mechanics robotics,anti_myopia,anti_thesis,,3,non smooth mechanics robotics,2026-06-12T15:07:36Z,18.493,21.493
doi:10.1017/jfm.2023.835,Revisiting the role of friction coefficients in granular collapses: confrontation of 3-D non-smooth simulations with experiments,"In this paper, transient granular flows are examined both numerically and experimentally. Simulations are performed using the continuous three-dimensional (3-D) granular model introduced in Daviet & Bertails-Descoubes ( ACM Trans. Graph. , vol. 35, no. 4, 2016 b , p. 102), which represents the granular medium as an inelastic and dilatable continuum subject to the Drucker–Prager yield criterion in the dense regime. One notable feature of this numerical model is to resolve such a non-smooth rheology without any regularisation. We show that this non-smooth model, which relies on a constant friction coefficient, is able to reproduce with high fidelity various experimental granular collapses over inclined erodible beds, provided the friction coefficient is set to the avalanche angle – and not to the stop angle, as generally done. In order to better characterise the range of validity of the fu",2023,Journal of Fluid Mechanics,Gauthier Rousseau; Thibaut Métivet; Hugo Rousseau; Gilles Daviet; Florence Bertails-Descoubes,10.1017/jfm.2023.835,,https://doi.org/10.1017/jfm.2023.835,crossref,non smooth mechanics robotics,anti_myopia,anti_thesis,,6,scaling law; non smooth mechanics robotics,2026-06-12T15:07:36Z,17.473,21.473
doi:10.1016/j.ijnonlinmec.2009.12.011,Parametric vibrations and stability of an axially accelerating string guided by a non-linear elastic foundation,,2010,International Journal of Non-Linear Mechanics,Mergen H. Ghayesh,10.1016/j.ijnonlinmec.2009.12.011,,https://doi.org/10.1016/j.ijnonlinmec.2009.12.011,crossref,non smooth mechanics robotics,anti_myopia,anti_thesis,,85,non smooth mechanics robotics,2026-06-12T15:07:36Z,18.427,21.427
doi:10.3982/ecta18009,Model and Predictive Uncertainty: A Foundation for Smooth Ambiguity Preferences,"Smooth ambiguity preferences (Klibanoff, Marinacci, and Mukerji (2005)) describe a decision maker who evaluates each act f according to the twofold expectation V ( f ) = ∫ P ϕ ( ∫ Ω u ( f ) d p ) d μ ( p ) defined by a utility function u , an ambiguity index ϕ , and a belief μ over a set P of probabilities. We provide an axiomatic foundation for the representation, taking as a primitive a preference over Anscombe–Aumann acts. We study a special case where P is a subjective statistical model that is point identified, that is, the decision maker believes that the true law p ∈ P can be recovered empirically. Our main axiom is a joint weakening of Savage's sure‐thing principle and Anscombe–Aumann's mixture independence. In addition, we show that the parameters of the representation can be uniquely recovered from preferences, thereby making operational the separation between ambiguity attitud",2022,Econometrica,Tommaso Denti; Luciano Pomatto,10.3982/ecta18009,,https://doi.org/10.3982/ecta18009,crossref,robot foundation model failure mode,hostile,failure,,29,robot foundation model; failure mode,2026-06-12T15:07:36Z,16.401,21.401
doi:10.3390/s25185898,Multimodal Large Language Model-Enabled Machine Intelligent Fault Diagnosis Method with Non-Contact Dynamic Vision Data,"Smart manufacturing demands ever-increasing equipment reliability and continuous availability. Traditional fault diagnosis relies on attached sensors and complex wiring to collect vibration signals. This approach suffers from poor environmental adaptability, difficult maintenance, and cumbersome preprocessing. This study pioneers the use of high-temporal-resolution dynamic visual information captured by an event camera to fine-tune a multimodal large model for the first time. Leveraging non-contact acquisition with an event camera, sparse pulse events are converted into event frames through time surface processing. These frames are then reconstructed into a high-temporal-resolution video using spatiotemporal denoising and region of interest definition. The study introduces the multimodal model Qwen2.5-VL-7B and employs two distinct LoRA fine-tuning strategies for bearing fault classifica",2025,Sensors,Zihan Lu; Cuiying Sun; Xiang Li,10.3390/s25185898,,https://doi.org/10.3390/s25185898,crossref,vision language action model limitation robotics,hostile,failure,,8,vision language action model; limitation,2026-06-12T15:07:36Z,16.399,21.399
doi:10.3389/frobt.2022.782783,Non-Smooth Control Barrier Navigation Functions for STL Motion Planning,"This paper reports on a new approach to Signal Temporal Logic (STL) control synthesis, that 1) utilizes a navigation function as the basis to construct a Control Barrier Function (CBF), and 2) composes navigation function-based barrier functions using nonsmooth mappings to encode Boolean operations between the predicates that those barrier functions encode. Because of these two key features, the reported approach 1) covers a larger fragment of STL compared to existing approaches, 2) alleviates the computational cost associated with evaluation of the control law for the system in existing STL control barrier function methodologies, and 3) simultaneously relaxes some of the conservativeness of smooth combinations of barrier functions as a means of implementing Boolean operators. The paper demonstrates the efficacy of this new approach with three simulation case studies, one aiming at illus",2022,Frontiers in Robotics and AI,Ashkan Zehfroosh; Herbert G. Tanner,10.3389/frobt.2022.782783,,https://doi.org/10.3389/frobt.2022.782783,crossref,robot world model failure planning,hostile,failure,,6,robot world model; control barrier function; motion planning; robot world model failure,2026-06-12T15:07:36Z,15.323,21.323
doi:10.1016/j.ijnonlinmec.2007.10.004,Non-linear dynamic intertwining of rods with self-contact,,2008,International Journal of Non-Linear Mechanics,Sachin Goyal; N.C. Perkins; Christopher L. Lee,10.1016/j.ijnonlinmec.2007.10.004,,https://doi.org/10.1016/j.ijnonlinmec.2007.10.004,crossref,non smooth mechanics robotics,anti_myopia,anti_thesis,,68,non smooth mechanics robotics,2026-06-12T15:07:36Z,18.317,21.317
doi:10.1515/math-2022-0594,A non-smooth Brezis-Oswald uniqueness result,"Abstract We classify the non-negative critical points in W 0 1 , p ( Ω ) {W}_{0}^{1,p}\left(\Omega ) of J ( v ) = ∫ Ω H ( D v ) − F ( x , v ) d x , J\left(v)=\mathop{\int }\limits_{\Omega }\hspace{0.15em}H\left(Dv)-F\left(x,v){\rm{d}}x, where H H is convex and positively p p -homogeneous, while t ↦ ∂ t F ( x , t ) / t p − 1 t\hspace{0.33em}\mapsto \hspace{0.33em}{\partial }_{t}F\left(x,t)\hspace{0.1em}\text{/}\hspace{0.1em}{t}^{p-1} is non-increasing. Since H H may not be differentiable and F F has a one-sided growth condition, J J is only lower semi-continuous on W 0 1 , p ( Ω ) {W}_{0}^{1,p}\left(\Omega ) . We use a weak notion of critical point for non-smooth functionals, derive sufficient regularity of the latter without an Euler-Lagrange equation available, and focus on the uniqueness part of the results in the study of Brezis and Oswald, using a non-smooth Picone inequality.",2023,Open Mathematics,Sunra Mosconi,10.1515/math-2022-0594,,https://doi.org/10.1515/math-2022-0594,crossref,non smooth mechanics robotics,anti_myopia,anti_thesis,,4,non smooth mechanics robotics,2026-06-12T15:07:36Z,17.305,21.305
doi:10.1017/9781316687161,Non-Relativistic Quantum Mechanics,"This book develops and simplifies the concept of quantum mechanics based on the postulates of quantum mechanics. The text discusses the technique of disentangling the exponential of a sum of operators, closed under the operation of commutation, as the product of exponentials to simplify calculations of harmonic oscillator and angular momentum. Based on its singularity structure, the Schrödinger equation for various continuous potentials is solved in terms of the hypergeometric or the confluent hypergeometric functions. The forms of the potentials for which the one-dimensional Schrödinger equation is exactly solvable are derived in detail. The problem of identifying the states of two-level systems which have no classical analogy is addressed by going beyond Bell-like inequalities and separability. The measures of quantumness of mutual information in two two-level systems is also covered i",2017,,Ravinder R. Puri,10.1017/9781316687161,,https://doi.org/10.1017/9781316687161,crossref,non smooth mechanics robotics,anti_myopia,anti_thesis,,,non smooth mechanics robotics,2026-06-12T15:07:36Z,17.300,21.300
doi:10.1016/j.jnnfm.2022.104818,The effect of non-Newtonian behavior on contact formation in an external gear pump,,2022,Journal of Non-Newtonian Fluid Mechanics,Vincent G. de Bie; Martien A. Hulsen; Patrick D. Anderson,10.1016/j.jnnfm.2022.104818,,https://doi.org/10.1016/j.jnnfm.2022.104818,crossref,non smooth mechanics robotics,anti_myopia,anti_thesis,,3,non smooth mechanics robotics,2026-06-12T15:07:36Z,18.293,21.293
doi:10.52843/cassyni.p5t788,Rub Related Nonlinear Dynamics in a Noisy Non-Smooth Jeffcott Rotor Model,"Strong and discontinuous nonlinearities arising from friction, contact stiffness, clearances and unbalance excitation and random excitation due to parametric uncertainty make the dynamic analysis of a rotor-stator system complex. This paper presents the dynamics of a nonlinear and non-smooth Jeffcott rotor system. The effects of unbalance force, bearing clearance, rotor-stator impact, tangential rubbing, randomness in rotor parameters due to manufacturing error and assembly deviation are considered in formulating the equations of motion. Both normal impact and tangential rubbing between rotor and stator are modeled respectively as of Hertzian type and dry friction. The parametric uncertainty is modeled by appropriate white noise random processes.",,,,10.52843/cassyni.p5t788,,https://doi.org/10.52843/cassyni.p5t788,crossref,non smooth mechanics robotics,anti_myopia,anti_thesis,,,non smooth mechanics robotics,2026-06-12T15:07:36Z,17.250,21.250
doi:10.52843/cassyni.bjss09,Rub Related Nonlinear Dynamics in a Noisy Non-Smooth Jeffcott Rotor Model,"Strong and discontinuous nonlinearities arising from friction, contact stiffness, clearances and unbalance excitation and random excitation due to parametric uncertainty make the dynamic analysis of a rotor-stator system complex. This paper presents the dynamics of a nonlinear and non-smooth Jeffcott rotor system. The effects of unbalance force, bearing clearance, rotor-stator impact, tangential rubbing, randomness in rotor parameters due to manufacturing error and assembly deviation are considered in formulating the equations of motion. Both normal impact and tangential rubbing between rotor and stator are modeled respectively as of Hertzian type and dry friction. The parametric uncertainty is modeled by appropriate white noise random processes.",,,,10.52843/cassyni.bjss09,,https://doi.org/10.52843/cassyni.bjss09,crossref,non smooth mechanics robotics,anti_myopia,anti_thesis,,,non smooth mechanics robotics,2026-06-12T15:07:36Z,17.250,21.250
doi:10.21203/rs.3.rs-6777882/v1,A Non-Smooth Dual-Primal Meshless Approach for Deformable Multibody Dynamics,"Abstract This work introduces a novel implicit time integration scheme for simulating deformable materials in multibody systems, leveraging a meshless formulation grounded in bond-based peridynamics. The proposed approach enables robust modeling of large deformations, plasticity, and fracture while circumventing key computational bottlenecks inherent in conventional methods. By reformulating bond forces as compliant constraints within a Differential-Algebraic Equation (DAE) framework, the method eliminates the need for explicit tangent stiffness matrices in implicit integration. Instead, the system is efficiently solved via saddle-point optimization, where dual variables naturally represent bond forces through straightforward constraint Jacobians.Furthermore, the framework extends naturally to non-smooth dynamics through Measure Differential Inclusions (MDIs), where bond constraints are ",,,Alessandro Tasora; Dario Mangoni; Rinaldo Garziera,10.21203/rs.3.rs-6777882/v1,,https://doi.org/10.21203/rs.3.rs-6777882/v1,crossref,non smooth mechanics robotics,anti_myopia,anti_thesis,,,robustness; non smooth mechanics robotics,2026-06-12T15:07:36Z,17.250,21.250
doi:10.1016/j.ijnonlinmec.2019.01.006,Higher modes and higher harmonics in the non-contact atomic force microscopy,,2019,International Journal of Non-Linear Mechanics,Mohammad Safikhani Mahmoudi; Arash Ebrahimian; Arash Bahrami,10.1016/j.ijnonlinmec.2019.01.006,,https://doi.org/10.1016/j.ijnonlinmec.2019.01.006,crossref,non smooth mechanics robotics,anti_myopia,anti_thesis,,11,non smooth mechanics robotics,2026-06-12T15:07:36Z,18.242,21.242
doi:10.1007/978-3-642-01100-9_3,Non-Smooth Mechanics,,2009,Lecture Notes in Applied and Computational Mechanics Numerics of Unilateral Contacts and Friction,Christian Studer,10.1007/978-3-642-01100-9_3,,https://doi.org/10.1007/978-3-642-01100-9_3,crossref,non smooth mechanics robotics,anti_myopia,anti_thesis,,7,non smooth mechanics robotics,2026-06-12T15:07:36Z,18.240,21.240
doi:10.3934/cpaa.2009.8.161,A Numerical Method for a Non-Smooth Advection-Diffusion Problem Arising in Sand Mechanics,,2009,Communications on Pure and Applied Analysis,Alexandre Caboussat; Roland Glowinski,10.3934/cpaa.2009.8.161,,https://doi.org/10.3934/cpaa.2009.8.161,crossref,non smooth mechanics robotics,anti_myopia,anti_thesis,,7,non smooth mechanics robotics,2026-06-12T15:07:36Z,18.240,21.240
doi:10.15607/rss.2020.xvi.005,Non-revisiting Coverage Task with Minimal Discontinuities for Non-redundant Manipulators,,2020,Robotics: Science and Systems XVI,Tong Yang; Jaime Valls Miro; Yue Wang; Rong Xiong,10.15607/rss.2020.xvi.005,,https://doi.org/10.15607/rss.2020.xvi.005,crossref,non smooth mechanics robotics,anti_myopia,anti_thesis,,7,non smooth mechanics robotics,2026-06-12T15:07:36Z,18.240,21.240
doi:10.1115/detc2010-28750,Evaluation of Contact Force and Elastic Foundation Models for Wear Analysis of Multibody Systems,"In this paper, two procedures to analyze planar multibody systems experiencing wear at a revolute joint are compared. In both procedures, the revolute joint of interest includes a clearance whose shape and size are dictated by wear. The procedures consist of coupled iterative analyses between a dynamic analysis of the system with non-ideal joints and wear prediction to determine the evolution of the joint clearance. In the first procedure, joint forces and contact pressure are estimated using the elastic foundation model (EFM) with hysteresis damping via the dynamic analysis. In the second procedure, a contact force model with hysteresis damping is used to estimate the joint forces. In the latter case, however, the contact pressure is estimated using a finite element method (FEM). Comparison in performance of the two models is facilitated through the use of an experimental slider-crank m",2010,"Volume 2: 34th Annual Mechanisms and Robotics Conference, Parts A and B",Saad M. Mukras; Nam Ho Kim; Tony L. Schmitz; W. Gregory Sawyer,10.1115/detc2010-28750,,https://doi.org/10.1115/detc2010-28750,crossref,foundation model limitation robotics,anti_myopia,anti_thesis,,6,limitation; hysteresis; foundation model limitation robotics,2026-06-12T15:07:36Z,16.223,21.223
doi:10.1016/j.ijnonlinmec.2015.09.013,Non-local free and forced vibrations of graded nanobeams resting on a non-linear elastic foundation,,2015,International Journal of Non-Linear Mechanics,Sami El-Borgi; Ralston Fernandes; J.N. Reddy,10.1016/j.ijnonlinmec.2015.09.013,,https://doi.org/10.1016/j.ijnonlinmec.2015.09.013,crossref,non smooth mechanics robotics,anti_myopia,anti_thesis,,55,non smooth mechanics robotics,2026-06-12T15:07:36Z,18.213,21.213
doi:10.1016/j.ijnonlinmec.2024.104960,Derivation of a stability and non-bifurcation criterion for frictional contact problems,,2025,International Journal of Non-Linear Mechanics,N. Antoni,10.1016/j.ijnonlinmec.2024.104960,,https://doi.org/10.1016/j.ijnonlinmec.2024.104960,crossref,non smooth mechanics robotics,anti_myopia,anti_thesis,,,non smooth mechanics robotics,2026-06-12T15:07:36Z,18.200,21.200
doi:10.1609/aaai.v30i1.10074,Relaxed Majorization-Minimization for Non-Smooth and Non-Convex Optimization,"We propose a new majorization-minimization (MM) method for non-smooth and non-convex programs, which is general enough to include the existing MM methods. Besides the local majorization condition, we only require that the difference between the directional derivatives of the objective function and its surrogate function vanishes when the number of iterations approaches infinity, which is a very weak condition. So our method can use a surrogate function that directly approximates the non-smooth objective function. In comparison, all the existing MM methods construct the surrogate function by approximating the smooth component of the objective function. We apply our relaxed MM methods to the robust matrix factorization (RMF) problem with different regularizations, where our locally majorant algorithm shows advantages over the state-of-the-art approaches for RMF. This is the first algorithm",2016,Proceedings of the AAAI Conference on Artificial Intelligence,Chen Xu; Zhouchen Lin; Zhenyu Zhao; Hongbin Zha,10.1609/aaai.v30i1.10074,,https://doi.org/10.1609/aaai.v30i1.10074,crossref,non smooth mechanics robotics,anti_myopia,anti_thesis,,3,non smooth mechanics robotics,2026-06-12T15:07:36Z,18.143,21.143
doi:10.46298/jtcam.11611,An explicit dynamics framework suited to highly non-smooth interface behaviors,"Dynamic systems, and in particular mechanical structures, may be subjected to non-smooth loadings such as impacts or shocks. Moreover, their behavior itself may exhibit more or less non-smooth evolutions, as when fracture occurs. Therefore, robust simulation models are of interest to capture such behaviors. A particular focus is made herein on time-stepping explicit dynamics schemes to allow efficient simulations, and non-smoothness is embedded within the discrete resolution model, so that robust simulations can be obtained, with a minimum number of numerical parameters. The original contributions of this article lie in the way the non-smooth behavior is formulated to be embedded in an explicit dynamics framework. This study focuses on the solver for dynamics with non-smooth interface behavior, rather than on the behavior models themselves. The applications concern non-smooth interface b",2024,"Journal of Theoretical, Computational and Applied Mechanics",David Dureisseix; Paul Larousse; Anthony Gravouil; Jean Di Stasio,10.46298/jtcam.11611,,https://doi.org/10.46298/jtcam.11611,crossref,non smooth mechanics robotics,anti_myopia,anti_thesis,,1,benchmark; non smooth mechanics robotics,2026-06-12T15:07:36Z,17.047,21.047
doi:10.1016/s0020-7462(96)00057-1,Postbuckling and vibration of shear deformable flat and curved panels on a non-linear elastic foundation,,1997,International Journal of Non-Linear Mechanics,Liviu Librescu; Weiqing Lin,10.1016/s0020-7462(96)00057-1,,https://doi.org/10.1016/s0020-7462(96)00057-1,crossref,non smooth mechanics robotics,anti_myopia,anti_thesis,,38,non smooth mechanics robotics,2026-06-12T15:07:36Z,18.032,21.032
doi:10.7712/120119.7022.19032,NON-SMOOTH MECHANICS MODELLING OF ROCK-TREE AND ROCK-FOREST INTERACTIONS,,2019,Proceedings of the 7th International Conference on Computational Methods in Structural Dynamics and Earthquake Engineering (COMPDYN 2015),Guang Lu; Andrin Caviezel; Marc Christen; Adrian Ringenbach; Guillaume Meyrat; Perry Bartelt,10.7712/120119.7022.19032,,https://doi.org/10.7712/120119.7022.19032,crossref,non smooth mechanics robotics,anti_myopia,anti_thesis,,,non smooth mechanics robotics,2026-06-12T15:07:36Z,18.000,21.000
doi:10.1016/j.ijnonlinmec.2010.09.017,A new method for the non-linear deflection analysis of an infinite beam resting on a non-linear elastic foundation,,2011,International Journal of Non-Linear Mechanics,T.S. Jang; H.S Baek; J.K. Paik,10.1016/j.ijnonlinmec.2010.09.017,,https://doi.org/10.1016/j.ijnonlinmec.2010.09.017,crossref,non smooth mechanics robotics,anti_myopia,anti_thesis,,33,non smooth mechanics robotics,2026-06-12T15:07:36Z,17.963,20.963
