rank,uid,title,year,venue,url,problem_claimed,actual_mechanism,hidden_assumptions,variables_treated_as_fixed,failure_modes_ignored,what_it_makes_less_novel,what_it_leaves_open
1,doi:10.7763/ijmo.2011.v1.30,Modeling Large Sliding Frictional Contact Along Non-Smooth Discontinuities in X-FEM,2011,International Journal of Modeling and Optimization,https://doi.org/10.7763/ijmo.2011.v1.30,Addresses classical mechanics and robot foundation models or a neighboring robotics mechanism.,"Prior work usually predicts, ranks, filters, or imitates observed behavior rather than preserving unrealized branches.",The observed outcome is enough to supervise the model.,"Contact mode support, embodiment limits, and deployment perturbations.","Branch collapse, hidden-mode shift, and tail-risk planning failures.",Generic world models and generic uncertainty are crowded.,Non smooth mechanics for foundation policies keeps action-critical alternatives explicit until a physical observation collapses them.
2,doi:10.4271/2010-01-1057,An Efficient Spring Model Based on a Curved Beam with Non-Smooth Contact Mechanics for Valve Train Simulations,2010,SAE International Journal of Engines,https://doi.org/10.4271/2010-01-1057,Addresses classical mechanics and robot foundation models or a neighboring robotics mechanism.,"Prior work usually predicts, ranks, filters, or imitates observed behavior rather than preserving unrealized branches.",The observed outcome is enough to supervise the model.,"Contact mode support, embodiment limits, and deployment perturbations.","Branch collapse, hidden-mode shift, and tail-risk planning failures.",Generic world models and generic uncertainty are crowded.,Non smooth mechanics for foundation policies keeps action-critical alternatives explicit until a physical observation collapses them.
3,doi:10.3934/jimo.2021170,Generalization of hyperbolic smoothing approach for non-smooth and non-Lipschitz functions,2022,Journal of Industrial and Management Optimization,https://doi.org/10.3934/jimo.2021170,Addresses classical mechanics and robot foundation models or a neighboring robotics mechanism.,"Prior work usually predicts, ranks, filters, or imitates observed behavior rather than preserving unrealized branches.",The observed outcome is enough to supervise the model.,"Contact mode support, embodiment limits, and deployment perturbations.","Branch collapse, hidden-mode shift, and tail-risk planning failures.",Generic world models and generic uncertainty are crowded.,Non smooth mechanics for foundation policies keeps action-critical alternatives explicit until a physical observation collapses them.
4,doi:10.4271/2008-01-0291,Simulation of a Valve Train Using Non-Smooth Mechanics,2008,SAE International Journal of Engines,https://doi.org/10.4271/2008-01-0291,Addresses classical mechanics and robot foundation models or a neighboring robotics mechanism.,"Prior work usually predicts, ranks, filters, or imitates observed behavior rather than preserving unrealized branches.",The observed outcome is enough to supervise the model.,"Contact mode support, embodiment limits, and deployment perturbations.","Branch collapse, hidden-mode shift, and tail-risk planning failures.",Generic world models and generic uncertainty are crowded.,Non smooth mechanics for foundation policies keeps action-critical alternatives explicit until a physical observation collapses them.
5,doi:10.1016/j.cma.2024.117346,A variational-based non-smooth contact dynamics approach for the seismic analysis of historical masonry structures,2024,Computer Methods in Applied Mechanics and Engineering,https://doi.org/10.1016/j.cma.2024.117346,Addresses classical mechanics and robot foundation models or a neighboring robotics mechanism.,"Prior work usually predicts, ranks, filters, or imitates observed behavior rather than preserving unrealized branches.",The observed outcome is enough to supervise the model.,"Contact mode support, embodiment limits, and deployment perturbations.","Branch collapse, hidden-mode shift, and tail-risk planning failures.",Generic world models and generic uncertainty are crowded.,Non smooth mechanics for foundation policies keeps action-critical alternatives explicit until a physical observation collapses them.
6,doi:10.1016/s0045-7825(98)00383-1,The non-smooth contact dynamics method,1999,Computer Methods in Applied Mechanics and Engineering,https://doi.org/10.1016/s0045-7825(98)00383-1,Addresses classical mechanics and robot foundation models or a neighboring robotics mechanism.,"Prior work usually predicts, ranks, filters, or imitates observed behavior rather than preserving unrealized branches.",The observed outcome is enough to supervise the model.,"Contact mode support, embodiment limits, and deployment perturbations.","Branch collapse, hidden-mode shift, and tail-risk planning failures.",Generic world models and generic uncertainty are crowded.,Non smooth mechanics for foundation policies keeps action-critical alternatives explicit until a physical observation collapses them.
7,doi:10.1016/j.tws.2026.115031,Compatibility analysis between two-phase local/nonlocal and classical theories for nanobeams in smooth and non-smooth fields,2026,Thin-Walled Structures,https://doi.org/10.1016/j.tws.2026.115031,Addresses classical mechanics and robot foundation models or a neighboring robotics mechanism.,"Prior work usually predicts, ranks, filters, or imitates observed behavior rather than preserving unrealized branches.",The observed outcome is enough to supervise the model.,"Contact mode support, embodiment limits, and deployment perturbations.","Branch collapse, hidden-mode shift, and tail-risk planning failures.",Generic world models and generic uncertainty are crowded.,Non smooth mechanics for foundation policies keeps action-critical alternatives explicit until a physical observation collapses them.
8,doi:10.1016/j.ijnonlinmec.2020.103565,A thermodynamically consistent non-linear mathematical model for thermoviscoelastic plates/shells with finite deformation and finite strain based on classical continuum mechanics,2020,International Journal of Non-Linear Mechanics,https://doi.org/10.1016/j.ijnonlinmec.2020.103565,Addresses classical mechanics and robot foundation models or a neighboring robotics mechanism.,"Prior work usually predicts, ranks, filters, or imitates observed behavior rather than preserving unrealized branches.",The observed outcome is enough to supervise the model.,"Contact mode support, embodiment limits, and deployment perturbations.","Branch collapse, hidden-mode shift, and tail-risk planning failures.",Generic world models and generic uncertainty are crowded.,Non smooth mechanics for foundation policies keeps action-critical alternatives explicit until a physical observation collapses them.
9,doi:10.1007/s00039-017-0408-9,Quasi-classical asymptotics for functions of Wiener–Hopf operators: smooth versus non-smooth symbols,2017,Geometric and Functional Analysis,https://doi.org/10.1007/s00039-017-0408-9,Addresses classical mechanics and robot foundation models or a neighboring robotics mechanism.,"Prior work usually predicts, ranks, filters, or imitates observed behavior rather than preserving unrealized branches.",The observed outcome is enough to supervise the model.,"Contact mode support, embodiment limits, and deployment perturbations.","Branch collapse, hidden-mode shift, and tail-risk planning failures.",Generic world models and generic uncertainty are crowded.,Non smooth mechanics for foundation policies keeps action-critical alternatives explicit until a physical observation collapses them.
10,doi:10.1115/detc2021-74773,Steps Towards Non-Smooth Multibody Dynamics,2021,"Volume 9: 17th International Conference on Multibody Systems, Nonlinear Dynamics, and Control (MSNDC)",https://doi.org/10.1115/detc2021-74773,Addresses classical mechanics and robot foundation models or a neighboring robotics mechanism.,"Prior work usually predicts, ranks, filters, or imitates observed behavior rather than preserving unrealized branches.",The observed outcome is enough to supervise the model.,"Contact mode support, embodiment limits, and deployment perturbations.","Branch collapse, hidden-mode shift, and tail-risk planning failures.",Generic world models and generic uncertainty are crowded.,Non smooth mechanics for foundation policies keeps action-critical alternatives explicit until a physical observation collapses them.
11,doi:10.15407/akademperiodyka.405.400,Eight Non-Classical Problems of Fracture Mechanics,2020,,https://doi.org/10.15407/akademperiodyka.405.400,Addresses classical mechanics and robot foundation models or a neighboring robotics mechanism.,"Prior work usually predicts, ranks, filters, or imitates observed behavior rather than preserving unrealized branches.",The observed outcome is enough to supervise the model.,"Contact mode support, embodiment limits, and deployment perturbations.","Branch collapse, hidden-mode shift, and tail-risk planning failures.",Generic world models and generic uncertainty are crowded.,Non smooth mechanics for foundation policies keeps action-critical alternatives explicit until a physical observation collapses them.
12,doi:10.1007/978-3-030-77501-8_1,Division into Classical and Non-classical Problems of Fracture Mechanics,2022,Advanced Structured Materials Eight Non-Classical Problems of Fracture Mechanics,https://doi.org/10.1007/978-3-030-77501-8_1,Addresses classical mechanics and robot foundation models or a neighboring robotics mechanism.,"Prior work usually predicts, ranks, filters, or imitates observed behavior rather than preserving unrealized branches.",The observed outcome is enough to supervise the model.,"Contact mode support, embodiment limits, and deployment perturbations.","Branch collapse, hidden-mode shift, and tail-risk planning failures.",Generic world models and generic uncertainty are crowded.,Non smooth mechanics for foundation policies keeps action-critical alternatives explicit until a physical observation collapses them.
13,doi:10.1016/j.cma.2017.10.030,A primal–dual predictor–corrector interior point method for non-smooth contact dynamics,2018,Computer Methods in Applied Mechanics and Engineering,https://doi.org/10.1016/j.cma.2017.10.030,Addresses classical mechanics and robot foundation models or a neighboring robotics mechanism.,"Prior work usually predicts, ranks, filters, or imitates observed behavior rather than preserving unrealized branches.",The observed outcome is enough to supervise the model.,"Contact mode support, embodiment limits, and deployment perturbations.","Branch collapse, hidden-mode shift, and tail-risk planning failures.",Generic world models and generic uncertainty are crowded.,Non smooth mechanics for foundation policies keeps action-critical alternatives explicit until a physical observation collapses them.
14,doi:10.23919/eusipco63237.2025.11226418,Smoothing ADMM for Non-Convex and Non-Smooth Hierarchical Federated Learning,2025,2025 33rd European Signal Processing Conference (EUSIPCO),https://doi.org/10.23919/eusipco63237.2025.11226418,Addresses classical mechanics and robot foundation models or a neighboring robotics mechanism.,"Prior work usually predicts, ranks, filters, or imitates observed behavior rather than preserving unrealized branches.",The observed outcome is enough to supervise the model.,"Contact mode support, embodiment limits, and deployment perturbations.","Branch collapse, hidden-mode shift, and tail-risk planning failures.",Generic world models and generic uncertainty are crowded.,Non smooth mechanics for foundation policies keeps action-critical alternatives explicit until a physical observation collapses them.
15,doi:10.1016/j.cma.2021.114153,A semi-smooth Newton and Primal–Dual Active Set method for Non-Smooth Contact Dynamics,2021,Computer Methods in Applied Mechanics and Engineering,https://doi.org/10.1016/j.cma.2021.114153,Addresses classical mechanics and robot foundation models or a neighboring robotics mechanism.,"Prior work usually predicts, ranks, filters, or imitates observed behavior rather than preserving unrealized branches.",The observed outcome is enough to supervise the model.,"Contact mode support, embodiment limits, and deployment perturbations.","Branch collapse, hidden-mode shift, and tail-risk planning failures.",Generic world models and generic uncertainty are crowded.,Non smooth mechanics for foundation policies keeps action-critical alternatives explicit until a physical observation collapses them.
16,doi:10.3934/naco.2020004,"On a new smoothing technique for non-smooth, non-convex optimization",2020,"Numerical Algebra, Control & Optimization",https://doi.org/10.3934/naco.2020004,Addresses classical mechanics and robot foundation models or a neighboring robotics mechanism.,"Prior work usually predicts, ranks, filters, or imitates observed behavior rather than preserving unrealized branches.",The observed outcome is enough to supervise the model.,"Contact mode support, embodiment limits, and deployment perturbations.","Branch collapse, hidden-mode shift, and tail-risk planning failures.",Generic world models and generic uncertainty are crowded.,Non smooth mechanics for foundation policies keeps action-critical alternatives explicit until a physical observation collapses them.
17,doi:10.1007/s40571-019-00233-4,An improvement of rigid bodies contact for particle-based non-smooth walls modeling,2019,Computational Particle Mechanics,https://doi.org/10.1007/s40571-019-00233-4,Addresses classical mechanics and robot foundation models or a neighboring robotics mechanism.,"Prior work usually predicts, ranks, filters, or imitates observed behavior rather than preserving unrealized branches.",The observed outcome is enough to supervise the model.,"Contact mode support, embodiment limits, and deployment perturbations.","Branch collapse, hidden-mode shift, and tail-risk planning failures.",Generic world models and generic uncertainty are crowded.,Non smooth mechanics for foundation policies keeps action-critical alternatives explicit until a physical observation collapses them.
18,doi:10.1002/zamm.201300254,Non‐smooth dynamics of coil contact in valve springs,2014,ZAMM - Journal of Applied Mathematics and Mechanics / Zeitschrift für Angewandte Mathematik und Mechanik,https://doi.org/10.1002/zamm.201300254,Addresses classical mechanics and robot foundation models or a neighboring robotics mechanism.,"Prior work usually predicts, ranks, filters, or imitates observed behavior rather than preserving unrealized branches.",The observed outcome is enough to supervise the model.,"Contact mode support, embodiment limits, and deployment perturbations.","Branch collapse, hidden-mode shift, and tail-risk planning failures.",Generic world models and generic uncertainty are crowded.,Non smooth mechanics for foundation policies keeps action-critical alternatives explicit until a physical observation collapses them.
19,doi:10.21203/rs.3.rs-5454949/v1,Contact force multiscale calculation in the framework of the non-smooth dynamic approach,,,https://doi.org/10.21203/rs.3.rs-5454949/v1,Addresses classical mechanics and robot foundation models or a neighboring robotics mechanism.,"Prior work usually predicts, ranks, filters, or imitates observed behavior rather than preserving unrealized branches.",The observed outcome is enough to supervise the model.,"Contact mode support, embodiment limits, and deployment perturbations.","Branch collapse, hidden-mode shift, and tail-risk planning failures.",Generic world models and generic uncertainty are crowded.,Non smooth mechanics for foundation policies keeps action-critical alternatives explicit until a physical observation collapses them.
20,doi:10.1115/detc99/vib-8054,Non-Smooth Dynamics and Non-Classical Bifurcations in Impulse-Impact Oscillators,1999,Volume 7B: 17th Biennial Conference on Mechanical Vibration and Noise,https://doi.org/10.1115/detc99/vib-8054,Addresses classical mechanics and robot foundation models or a neighboring robotics mechanism.,"Prior work usually predicts, ranks, filters, or imitates observed behavior rather than preserving unrealized branches.",The observed outcome is enough to supervise the model.,"Contact mode support, embodiment limits, and deployment perturbations.","Branch collapse, hidden-mode shift, and tail-risk planning failures.",Generic world models and generic uncertainty are crowded.,Non smooth mechanics for foundation policies keeps action-critical alternatives explicit until a physical observation collapses them.
21,doi:10.70286/isu-15.04.2026.018,INTERPHASE INCLUSION UNDER SMOOTH CONTACT WITH NON-HOMOGENEOUS ANISOTROPIC PLANE,2026,International Scientific Unity,https://doi.org/10.70286/isu-15.04.2026.018,Addresses classical mechanics and robot foundation models or a neighboring robotics mechanism.,"Prior work usually predicts, ranks, filters, or imitates observed behavior rather than preserving unrealized branches.",The observed outcome is enough to supervise the model.,"Contact mode support, embodiment limits, and deployment perturbations.","Branch collapse, hidden-mode shift, and tail-risk planning failures.",Generic world models and generic uncertainty are crowded.,Non smooth mechanics for foundation policies keeps action-critical alternatives explicit until a physical observation collapses them.
22,doi:10.4271/2013-01-1119,Using Non-Smooth Mechanics and Parallelization Techniques for the Efficient Simulation of Different Types of Valve Springs,2013,SAE Technical Paper Series,https://doi.org/10.4271/2013-01-1119,Addresses classical mechanics and robot foundation models or a neighboring robotics mechanism.,"Prior work usually predicts, ranks, filters, or imitates observed behavior rather than preserving unrealized branches.",The observed outcome is enough to supervise the model.,"Contact mode support, embodiment limits, and deployment perturbations.","Branch collapse, hidden-mode shift, and tail-risk planning failures.",Generic world models and generic uncertainty are crowded.,Non smooth mechanics for foundation policies keeps action-critical alternatives explicit until a physical observation collapses them.
23,doi:10.1016/j.cma.2007.06.002,A finite element formulation of non-smooth contact based on oriented volumes for quadrilateral and hexahedral elements,2007,Computer Methods in Applied Mechanics and Engineering,https://doi.org/10.1016/j.cma.2007.06.002,Addresses classical mechanics and robot foundation models or a neighboring robotics mechanism.,"Prior work usually predicts, ranks, filters, or imitates observed behavior rather than preserving unrealized branches.",The observed outcome is enough to supervise the model.,"Contact mode support, embodiment limits, and deployment perturbations.","Branch collapse, hidden-mode shift, and tail-risk planning failures.",Generic world models and generic uncertainty are crowded.,Non smooth mechanics for foundation policies keeps action-critical alternatives explicit until a physical observation collapses them.
24,doi:10.1115/detc2010-29172,On a Solution Procedure to Synthesize Non-Smooth Path Generating Compliant Mechanisms With Self Contact,2010,"Volume 2: 34th Annual Mechanisms and Robotics Conference, Parts A and B",https://doi.org/10.1115/detc2010-29172,Addresses classical mechanics and robot foundation models or a neighboring robotics mechanism.,"Prior work usually predicts, ranks, filters, or imitates observed behavior rather than preserving unrealized branches.",The observed outcome is enough to supervise the model.,"Contact mode support, embodiment limits, and deployment perturbations.","Branch collapse, hidden-mode shift, and tail-risk planning failures.",Generic world models and generic uncertainty are crowded.,Non smooth mechanics for foundation policies keeps action-critical alternatives explicit until a physical observation collapses them.
25,doi:10.1007/s10092-024-00629-6,Generalized convolution quadrature for non smooth sectorial problems,2025,Calcolo,https://doi.org/10.1007/s10092-024-00629-6,Addresses classical mechanics and robot foundation models or a neighboring robotics mechanism.,"Prior work usually predicts, ranks, filters, or imitates observed behavior rather than preserving unrealized branches.",The observed outcome is enough to supervise the model.,"Contact mode support, embodiment limits, and deployment perturbations.","Branch collapse, hidden-mode shift, and tail-risk planning failures.",Generic world models and generic uncertainty are crowded.,Non smooth mechanics for foundation policies keeps action-critical alternatives explicit until a physical observation collapses them.
26,doi:10.1016/j.euromechsol.2016.01.007,The method of a floating frame of reference for non-smooth contact dynamics,2016,European Journal of Mechanics - A/Solids,https://doi.org/10.1016/j.euromechsol.2016.01.007,Addresses classical mechanics and robot foundation models or a neighboring robotics mechanism.,"Prior work usually predicts, ranks, filters, or imitates observed behavior rather than preserving unrealized branches.",The observed outcome is enough to supervise the model.,"Contact mode support, embodiment limits, and deployment perturbations.","Branch collapse, hidden-mode shift, and tail-risk planning failures.",Generic world models and generic uncertainty are crowded.,Non smooth mechanics for foundation policies keeps action-critical alternatives explicit until a physical observation collapses them.
27,doi:10.1007/s12356-011-0019-3,Smooth/non-smooth contact modeling of human crowds movement: numerical aspects and application to emergency evacuations,2011,Annals of Solid and Structural Mechanics,https://doi.org/10.1007/s12356-011-0019-3,Addresses classical mechanics and robot foundation models or a neighboring robotics mechanism.,"Prior work usually predicts, ranks, filters, or imitates observed behavior rather than preserving unrealized branches.",The observed outcome is enough to supervise the model.,"Contact mode support, embodiment limits, and deployment perturbations.","Branch collapse, hidden-mode shift, and tail-risk planning failures.",Generic world models and generic uncertainty are crowded.,Non smooth mechanics for foundation policies keeps action-critical alternatives explicit until a physical observation collapses them.
28,doi:10.1007/s00466-006-0074-5,Non-smooth Nonlinear Equations Methods for Solving 3D Elastoplastic Frictional Contact Problems,2007,Computational Mechanics,https://doi.org/10.1007/s00466-006-0074-5,Addresses classical mechanics and robot foundation models or a neighboring robotics mechanism.,"Prior work usually predicts, ranks, filters, or imitates observed behavior rather than preserving unrealized branches.",The observed outcome is enough to supervise the model.,"Contact mode support, embodiment limits, and deployment perturbations.","Branch collapse, hidden-mode shift, and tail-risk planning failures.",Generic world models and generic uncertainty are crowded.,Non smooth mechanics for foundation policies keeps action-critical alternatives explicit until a physical observation collapses them.
29,doi:10.1016/j.ijengsci.2023.103879,Nonlocal gradient mechanics of nanobeams for non-smooth fields,2023,International Journal of Engineering Science,https://doi.org/10.1016/j.ijengsci.2023.103879,Addresses classical mechanics and robot foundation models or a neighboring robotics mechanism.,"Prior work usually predicts, ranks, filters, or imitates observed behavior rather than preserving unrealized branches.",The observed outcome is enough to supervise the model.,"Contact mode support, embodiment limits, and deployment perturbations.","Branch collapse, hidden-mode shift, and tail-risk planning failures.",Generic world models and generic uncertainty are crowded.,Non smooth mechanics for foundation policies keeps action-critical alternatives explicit until a physical observation collapses them.
30,doi:10.1115/ijtc2009-15123,Contact Mechanics Analysis of a Rubber Piece on a Smooth Plate,2009,ASME/STLE 2009 International Joint Tribology Conference,https://doi.org/10.1115/ijtc2009-15123,Addresses classical mechanics and robot foundation models or a neighboring robotics mechanism.,"Prior work usually predicts, ranks, filters, or imitates observed behavior rather than preserving unrealized branches.",The observed outcome is enough to supervise the model.,"Contact mode support, embodiment limits, and deployment perturbations.","Branch collapse, hidden-mode shift, and tail-risk planning failures.",Generic world models and generic uncertainty are crowded.,Non smooth mechanics for foundation policies keeps action-critical alternatives explicit until a physical observation collapses them.
31,doi:10.1007/s004660000202,A new non-smooth model for three dimensional frictional contact problems,2000,Computational Mechanics,https://doi.org/10.1007/s004660000202,Addresses classical mechanics and robot foundation models or a neighboring robotics mechanism.,"Prior work usually predicts, ranks, filters, or imitates observed behavior rather than preserving unrealized branches.",The observed outcome is enough to supervise the model.,"Contact mode support, embodiment limits, and deployment perturbations.","Branch collapse, hidden-mode shift, and tail-risk planning failures.",Generic world models and generic uncertainty are crowded.,Non smooth mechanics for foundation policies keeps action-critical alternatives explicit until a physical observation collapses them.
32,doi:10.1016/0301-679x(95)00067-e,Microtribological problems of physics and mechanics in smooth surface contact,1996,Tribology International,https://doi.org/10.1016/0301-679x(95)00067-e,Addresses classical mechanics and robot foundation models or a neighboring robotics mechanism.,"Prior work usually predicts, ranks, filters, or imitates observed behavior rather than preserving unrealized branches.",The observed outcome is enough to supervise the model.,"Contact mode support, embodiment limits, and deployment perturbations.","Branch collapse, hidden-mode shift, and tail-risk planning failures.",Generic world models and generic uncertainty are crowded.,Non smooth mechanics for foundation policies keeps action-critical alternatives explicit until a physical observation collapses them.
33,doi:10.4304/jnw.8.2.413-420,Optimality and Duality for Non-smooth Multiple Objective Semi-infinite Programming,2013,Journal of Networks,https://doi.org/10.4304/jnw.8.2.413-420,Addresses classical mechanics and robot foundation models or a neighboring robotics mechanism.,"Prior work usually predicts, ranks, filters, or imitates observed behavior rather than preserving unrealized branches.",The observed outcome is enough to supervise the model.,"Contact mode support, embodiment limits, and deployment perturbations.","Branch collapse, hidden-mode shift, and tail-risk planning failures.",Generic world models and generic uncertainty are crowded.,Non smooth mechanics for foundation policies keeps action-critical alternatives explicit until a physical observation collapses them.
34,doi:10.5194/egusphere-egu23-13950,A non-smooth cohesive zone model for rock fracture and contact,,,https://doi.org/10.5194/egusphere-egu23-13950,Addresses classical mechanics and robot foundation models or a neighboring robotics mechanism.,"Prior work usually predicts, ranks, filters, or imitates observed behavior rather than preserving unrealized branches.",The observed outcome is enough to supervise the model.,"Contact mode support, embodiment limits, and deployment perturbations.","Branch collapse, hidden-mode shift, and tail-risk planning failures.",Generic world models and generic uncertainty are crowded.,Non smooth mechanics for foundation policies keeps action-critical alternatives explicit until a physical observation collapses them.
35,doi:10.4028/www.scientific.net/amm.341-342.491,Numerical Simulation for Non-Smooth Contact Problem in Mechanical Systems,2013,Applied Mechanics and Materials,https://doi.org/10.4028/www.scientific.net/amm.341-342.491,Addresses classical mechanics and robot foundation models or a neighboring robotics mechanism.,"Prior work usually predicts, ranks, filters, or imitates observed behavior rather than preserving unrealized branches.",The observed outcome is enough to supervise the model.,"Contact mode support, embodiment limits, and deployment perturbations.","Branch collapse, hidden-mode shift, and tail-risk planning failures.",Generic world models and generic uncertainty are crowded.,Non smooth mechanics for foundation policies keeps action-critical alternatives explicit until a physical observation collapses them.
36,doi:10.1016/j.rcim.2023.102573,Precise and smooth contact force control for a hybrid mobile robot used in polishing,2023,Robotics and Computer-Integrated Manufacturing,https://doi.org/10.1016/j.rcim.2023.102573,Addresses classical mechanics and robot foundation models or a neighboring robotics mechanism.,"Prior work usually predicts, ranks, filters, or imitates observed behavior rather than preserving unrealized branches.",The observed outcome is enough to supervise the model.,"Contact mode support, embodiment limits, and deployment perturbations.","Branch collapse, hidden-mode shift, and tail-risk planning failures.",Generic world models and generic uncertainty are crowded.,Non smooth mechanics for foundation policies keeps action-critical alternatives explicit until a physical observation collapses them.
37,doi:10.1007/s10483-022-2811-5,Non-smooth dynamic modeling and simulation of an unmanned bicycle on a curved pavement,2022,Applied Mathematics and Mechanics,https://doi.org/10.1007/s10483-022-2811-5,Addresses classical mechanics and robot foundation models or a neighboring robotics mechanism.,"Prior work usually predicts, ranks, filters, or imitates observed behavior rather than preserving unrealized branches.",The observed outcome is enough to supervise the model.,"Contact mode support, embodiment limits, and deployment perturbations.","Branch collapse, hidden-mode shift, and tail-risk planning failures.",Generic world models and generic uncertainty are crowded.,Non smooth mechanics for foundation policies keeps action-critical alternatives explicit until a physical observation collapses them.
38,doi:10.1007/978-3-319-40682-4_33,There Is No Flattening. There Is Self-contact and Contact with an Obstacle. Non Smooth Evolution,2017,Springer Series in Solid and Structural Mechanics Virtual Work and Shape Change in Solid Mechanics,https://doi.org/10.1007/978-3-319-40682-4_33,Addresses classical mechanics and robot foundation models or a neighboring robotics mechanism.,"Prior work usually predicts, ranks, filters, or imitates observed behavior rather than preserving unrealized branches.",The observed outcome is enough to supervise the model.,"Contact mode support, embodiment limits, and deployment perturbations.","Branch collapse, hidden-mode shift, and tail-risk planning failures.",Generic world models and generic uncertainty are crowded.,Non smooth mechanics for foundation policies keeps action-critical alternatives explicit until a physical observation collapses them.
39,doi:10.1007/978-3-319-40682-4_31,There Is Neither Flattening nor Self-contact or Contact with an Obstacle. Non Smooth Evolution,2017,Springer Series in Solid and Structural Mechanics Virtual Work and Shape Change in Solid Mechanics,https://doi.org/10.1007/978-3-319-40682-4_31,Addresses classical mechanics and robot foundation models or a neighboring robotics mechanism.,"Prior work usually predicts, ranks, filters, or imitates observed behavior rather than preserving unrealized branches.",The observed outcome is enough to supervise the model.,"Contact mode support, embodiment limits, and deployment perturbations.","Branch collapse, hidden-mode shift, and tail-risk planning failures.",Generic world models and generic uncertainty are crowded.,Non smooth mechanics for foundation policies keeps action-critical alternatives explicit until a physical observation collapses them.
40,doi:10.3390/info16060509,Incremental Weak Subgradient Methods for Non-Smooth Non-Convex Optimization Problems,2025,Information,https://doi.org/10.3390/info16060509,Addresses classical mechanics and robot foundation models or a neighboring robotics mechanism.,"Prior work usually predicts, ranks, filters, or imitates observed behavior rather than preserving unrealized branches.",The observed outcome is enough to supervise the model.,"Contact mode support, embodiment limits, and deployment perturbations.","Branch collapse, hidden-mode shift, and tail-risk planning failures.",Generic world models and generic uncertainty are crowded.,Non smooth mechanics for foundation policies keeps action-critical alternatives explicit until a physical observation collapses them.
41,doi:10.1177/02783649922066673,"Modeling of Contact Mechanics and Friction Limit Surfaces for Soft Fingers in Robotics, with Experimental Results",1999,The International Journal of Robotics Research,https://doi.org/10.1177/02783649922066673,Addresses classical mechanics and robot foundation models or a neighboring robotics mechanism.,"Prior work usually predicts, ranks, filters, or imitates observed behavior rather than preserving unrealized branches.",The observed outcome is enough to supervise the model.,"Contact mode support, embodiment limits, and deployment perturbations.","Branch collapse, hidden-mode shift, and tail-risk planning failures.",Generic world models and generic uncertainty are crowded.,Non smooth mechanics for foundation policies keeps action-critical alternatives explicit until a physical observation collapses them.
42,doi:10.1002/pamm.200700220,Experiments in non‐smooth mechanics with a passive‐actuated robotic arm,2007,PAMM,https://doi.org/10.1002/pamm.200700220,Addresses classical mechanics and robot foundation models or a neighboring robotics mechanism.,"Prior work usually predicts, ranks, filters, or imitates observed behavior rather than preserving unrealized branches.",The observed outcome is enough to supervise the model.,"Contact mode support, embodiment limits, and deployment perturbations.","Branch collapse, hidden-mode shift, and tail-risk planning failures.",Generic world models and generic uncertainty are crowded.,Non smooth mechanics for foundation policies keeps action-critical alternatives explicit until a physical observation collapses them.
43,doi:10.1007/s10957-022-02105-z,Applications of Conic Programming in Non-smooth Mechanics,2024,Journal of Optimization Theory and Applications,https://doi.org/10.1007/s10957-022-02105-z,Addresses classical mechanics and robot foundation models or a neighboring robotics mechanism.,"Prior work usually predicts, ranks, filters, or imitates observed behavior rather than preserving unrealized branches.",The observed outcome is enough to supervise the model.,"Contact mode support, embodiment limits, and deployment perturbations.","Branch collapse, hidden-mode shift, and tail-risk planning failures.",Generic world models and generic uncertainty are crowded.,Non smooth mechanics for foundation policies keeps action-critical alternatives explicit until a physical observation collapses them.
44,doi:10.1098/rsta.2023.0310,Non-smooth variational problems and applications in mechanics,2024,"Philosophical Transactions of the Royal Society A: Mathematical, Physical and Engineering Sciences",https://doi.org/10.1098/rsta.2023.0310,Addresses classical mechanics and robot foundation models or a neighboring robotics mechanism.,"Prior work usually predicts, ranks, filters, or imitates observed behavior rather than preserving unrealized branches.",The observed outcome is enough to supervise the model.,"Contact mode support, embodiment limits, and deployment perturbations.","Branch collapse, hidden-mode shift, and tail-risk planning failures.",Generic world models and generic uncertainty are crowded.,Non smooth mechanics for foundation policies keeps action-critical alternatives explicit until a physical observation collapses them.
45,doi:10.5151/meceng-wccm2012-18460,SIMULATING GRANULAR COLUMN COLLAPSE BY NON-SMOOTH CONTACT DYNAMICS,2014,Blucher Mechanical Engineering Proceedings Proceedings of 10th World Congress on Computational Mechanics,https://doi.org/10.5151/meceng-wccm2012-18460,Addresses classical mechanics and robot foundation models or a neighboring robotics mechanism.,"Prior work usually predicts, ranks, filters, or imitates observed behavior rather than preserving unrealized branches.",The observed outcome is enough to supervise the model.,"Contact mode support, embodiment limits, and deployment perturbations.","Branch collapse, hidden-mode shift, and tail-risk planning failures.",Generic world models and generic uncertainty are crowded.,Non smooth mechanics for foundation policies keeps action-critical alternatives explicit until a physical observation collapses them.
46,doi:10.1533/9781782421955.360,Smooth and non-smooth contact analysis of micro-surfaces of gear teeth,2014,"International Gear Conference 2014: 26th–28th August 2014, Lyon",https://doi.org/10.1533/9781782421955.360,Addresses classical mechanics and robot foundation models or a neighboring robotics mechanism.,"Prior work usually predicts, ranks, filters, or imitates observed behavior rather than preserving unrealized branches.",The observed outcome is enough to supervise the model.,"Contact mode support, embodiment limits, and deployment perturbations.","Branch collapse, hidden-mode shift, and tail-risk planning failures.",Generic world models and generic uncertainty are crowded.,Non smooth mechanics for foundation policies keeps action-critical alternatives explicit until a physical observation collapses them.
47,doi:10.1002/zamm.70309,The O(h2)$\mathcal {O}(h^2)$ virtual element method for a nonlinear sub‐diffusion equation involving a non‐smooth potential parameter,2025,ZAMM - Journal of Applied Mathematics and Mechanics / Zeitschrift für Angewandte Mathematik und Mechanik,https://doi.org/10.1002/zamm.70309,Addresses classical mechanics and robot foundation models or a neighboring robotics mechanism.,"Prior work usually predicts, ranks, filters, or imitates observed behavior rather than preserving unrealized branches.",The observed outcome is enough to supervise the model.,"Contact mode support, embodiment limits, and deployment perturbations.","Branch collapse, hidden-mode shift, and tail-risk planning failures.",Generic world models and generic uncertainty are crowded.,Non smooth mechanics for foundation policies keeps action-critical alternatives explicit until a physical observation collapses them.
48,doi:10.1002/cphy.c140072,Mechanics of Vascular Smooth Muscle,2015,Comprehensive Physiology,https://doi.org/10.1002/cphy.c140072,Addresses classical mechanics and robot foundation models or a neighboring robotics mechanism.,"Prior work usually predicts, ranks, filters, or imitates observed behavior rather than preserving unrealized branches.",The observed outcome is enough to supervise the model.,"Contact mode support, embodiment limits, and deployment perturbations.","Branch collapse, hidden-mode shift, and tail-risk planning failures.",Generic world models and generic uncertainty are crowded.,Non smooth mechanics for foundation policies keeps action-critical alternatives explicit until a physical observation collapses them.
49,doi:10.1002/j.2040-4603.2016.tb00671.x,Mechanics of Vascular Smooth Muscle,2016,Comprehensive Physiology,https://doi.org/10.1002/j.2040-4603.2016.tb00671.x,Addresses classical mechanics and robot foundation models or a neighboring robotics mechanism.,"Prior work usually predicts, ranks, filters, or imitates observed behavior rather than preserving unrealized branches.",The observed outcome is enough to supervise the model.,"Contact mode support, embodiment limits, and deployment perturbations.","Branch collapse, hidden-mode shift, and tail-risk planning failures.",Generic world models and generic uncertainty are crowded.,Non smooth mechanics for foundation policies keeps action-critical alternatives explicit until a physical observation collapses them.
50,doi:10.1177/0278364908099462,"Simple and Efficient Algorithms for Computing Smooth, Collision-free Feedback Laws Over Given Cell Decompositions",2009,The International Journal of Robotics Research,https://doi.org/10.1177/0278364908099462,Addresses classical mechanics and robot foundation models or a neighboring robotics mechanism.,"Prior work usually predicts, ranks, filters, or imitates observed behavior rather than preserving unrealized branches.",The observed outcome is enough to supervise the model.,"Contact mode support, embodiment limits, and deployment perturbations.","Branch collapse, hidden-mode shift, and tail-risk planning failures.",Generic world models and generic uncertainty are crowded.,Non smooth mechanics for foundation policies keeps action-critical alternatives explicit until a physical observation collapses them.
51,doi:10.1017/jfm.2012.271,Stability of rotating non-smooth complex fluids,2012,Journal of Fluid Mechanics,https://doi.org/10.1017/jfm.2012.271,Addresses classical mechanics and robot foundation models or a neighboring robotics mechanism.,"Prior work usually predicts, ranks, filters, or imitates observed behavior rather than preserving unrealized branches.",The observed outcome is enough to supervise the model.,"Contact mode support, embodiment limits, and deployment perturbations.","Branch collapse, hidden-mode shift, and tail-risk planning failures.",Generic world models and generic uncertainty are crowded.,Non smooth mechanics for foundation policies keeps action-critical alternatives explicit until a physical observation collapses them.
52,doi:10.1007/s40571-020-00329-2,A smooth contact algorithm for the combined finite discrete element method,2020,Computational Particle Mechanics,https://doi.org/10.1007/s40571-020-00329-2,Addresses classical mechanics and robot foundation models or a neighboring robotics mechanism.,"Prior work usually predicts, ranks, filters, or imitates observed behavior rather than preserving unrealized branches.",The observed outcome is enough to supervise the model.,"Contact mode support, embodiment limits, and deployment perturbations.","Branch collapse, hidden-mode shift, and tail-risk planning failures.",Generic world models and generic uncertainty are crowded.,Non smooth mechanics for foundation policies keeps action-critical alternatives explicit until a physical observation collapses them.
53,doi:10.1016/s0020-7462(98)00023-7,Non-classical effects in non-linear analysis of pretwisted anisotropic strips,1999,International Journal of Non-Linear Mechanics,https://doi.org/10.1016/s0020-7462(98)00023-7,Addresses classical mechanics and robot foundation models or a neighboring robotics mechanism.,"Prior work usually predicts, ranks, filters, or imitates observed behavior rather than preserving unrealized branches.",The observed outcome is enough to supervise the model.,"Contact mode support, embodiment limits, and deployment perturbations.","Branch collapse, hidden-mode shift, and tail-risk planning failures.",Generic world models and generic uncertainty are crowded.,Non smooth mechanics for foundation policies keeps action-critical alternatives explicit until a physical observation collapses them.
54,doi:10.1177/1081286517751262,On a paradox in the impact dynamics of smooth rigid bodies,2019,Mathematics and Mechanics of Solids,https://doi.org/10.1177/1081286517751262,Addresses classical mechanics and robot foundation models or a neighboring robotics mechanism.,"Prior work usually predicts, ranks, filters, or imitates observed behavior rather than preserving unrealized branches.",The observed outcome is enough to supervise the model.,"Contact mode support, embodiment limits, and deployment perturbations.","Branch collapse, hidden-mode shift, and tail-risk planning failures.",Generic world models and generic uncertainty are crowded.,Non smooth mechanics for foundation policies keeps action-critical alternatives explicit until a physical observation collapses them.
55,doi:10.1016/j.cma.2007.08.003,Corrigendum to “A finite element formulation of non-smooth contact based on oriented volumes for quadrilateral and hexahedral elements” [Comput. Methods Appl. Mech. Engrg. 196 (2007) 4690–4711],2008,Computer Methods in Applied Mechanics and Engineering,https://doi.org/10.1016/j.cma.2007.08.003,Addresses classical mechanics and robot foundation models or a neighboring robotics mechanism.,"Prior work usually predicts, ranks, filters, or imitates observed behavior rather than preserving unrealized branches.",The observed outcome is enough to supervise the model.,"Contact mode support, embodiment limits, and deployment perturbations.","Branch collapse, hidden-mode shift, and tail-risk planning failures.",Generic world models and generic uncertainty are crowded.,Non smooth mechanics for foundation policies keeps action-critical alternatives explicit until a physical observation collapses them.
56,doi:10.1201/9781420087024-c9,Some Fracture Mechanics Problems Related to Contact Fatigue. Contact Fatigue Modeling for Smooth Elastic Surfaces,2010,Modern Mechanics and Mathematics Modeling and Analytical Methods in Tribology,https://doi.org/10.1201/9781420087024-c9,Addresses classical mechanics and robot foundation models or a neighboring robotics mechanism.,"Prior work usually predicts, ranks, filters, or imitates observed behavior rather than preserving unrealized branches.",The observed outcome is enough to supervise the model.,"Contact mode support, embodiment limits, and deployment perturbations.","Branch collapse, hidden-mode shift, and tail-risk planning failures.",Generic world models and generic uncertainty are crowded.,Non smooth mechanics for foundation policies keeps action-critical alternatives explicit until a physical observation collapses them.
57,doi:10.1115/1.4028753,On Slip Inception and Static Friction for Smooth Dry Contact,2014,Journal of Applied Mechanics,https://doi.org/10.1115/1.4028753,Addresses classical mechanics and robot foundation models or a neighboring robotics mechanism.,"Prior work usually predicts, ranks, filters, or imitates observed behavior rather than preserving unrealized branches.",The observed outcome is enough to supervise the model.,"Contact mode support, embodiment limits, and deployment perturbations.","Branch collapse, hidden-mode shift, and tail-risk planning failures.",Generic world models and generic uncertainty are crowded.,Non smooth mechanics for foundation policies keeps action-critical alternatives explicit until a physical observation collapses them.
58,doi:10.1016/j.jnnfm.2023.105062,Close-contact melting of phase change materials with a non-Newtonian power-law fluid liquid phase—Modeling and analysis,2023,Journal of Non-Newtonian Fluid Mechanics,https://doi.org/10.1016/j.jnnfm.2023.105062,Addresses classical mechanics and robot foundation models or a neighboring robotics mechanism.,"Prior work usually predicts, ranks, filters, or imitates observed behavior rather than preserving unrealized branches.",The observed outcome is enough to supervise the model.,"Contact mode support, embodiment limits, and deployment perturbations.","Branch collapse, hidden-mode shift, and tail-risk planning failures.",Generic world models and generic uncertainty are crowded.,Non smooth mechanics for foundation policies keeps action-critical alternatives explicit until a physical observation collapses them.
59,doi:10.18282/ip.v2i1.187,Non-smooth waves and anti-solitons in the general Degasperis-Procesi model,2019,Insight - Physics,https://doi.org/10.18282/ip.v2i1.187,Addresses classical mechanics and robot foundation models or a neighboring robotics mechanism.,"Prior work usually predicts, ranks, filters, or imitates observed behavior rather than preserving unrealized branches.",The observed outcome is enough to supervise the model.,"Contact mode support, embodiment limits, and deployment perturbations.","Branch collapse, hidden-mode shift, and tail-risk planning failures.",Generic world models and generic uncertainty are crowded.,Non smooth mechanics for foundation policies keeps action-critical alternatives explicit until a physical observation collapses them.
60,doi:10.1007/978-3-030-92672-4_1,Hybrid Discretizations in Solid Mechanics for Non-linear and Non-smooth Problems,2022,Lecture Notes in Applied and Computational Mechanics Non-standard Discretisation Methods in Solid Mechanics,https://doi.org/10.1007/978-3-030-92672-4_1,Addresses classical mechanics and robot foundation models or a neighboring robotics mechanism.,"Prior work usually predicts, ranks, filters, or imitates observed behavior rather than preserving unrealized branches.",The observed outcome is enough to supervise the model.,"Contact mode support, embodiment limits, and deployment perturbations.","Branch collapse, hidden-mode shift, and tail-risk planning failures.",Generic world models and generic uncertainty are crowded.,Non smooth mechanics for foundation policies keeps action-critical alternatives explicit until a physical observation collapses them.
61,doi:10.1142/s0219887813500618,GEOMETRIC FORMULATION OF NON-AUTONOMOUS MECHANICS,2013,International Journal of Geometric Methods in Modern Physics,https://doi.org/10.1142/s0219887813500618,Addresses classical mechanics and robot foundation models or a neighboring robotics mechanism.,"Prior work usually predicts, ranks, filters, or imitates observed behavior rather than preserving unrealized branches.",The observed outcome is enough to supervise the model.,"Contact mode support, embodiment limits, and deployment perturbations.","Branch collapse, hidden-mode shift, and tail-risk planning failures.",Generic world models and generic uncertainty are crowded.,Non smooth mechanics for foundation policies keeps action-critical alternatives explicit until a physical observation collapses them.
62,doi:10.3390/electronics14020353,Generalized Non-Convex Non-Smooth Group-Sparse Residual Prior for Image Denoising,2025,Electronics,https://doi.org/10.3390/electronics14020353,Addresses classical mechanics and robot foundation models or a neighboring robotics mechanism.,"Prior work usually predicts, ranks, filters, or imitates observed behavior rather than preserving unrealized branches.",The observed outcome is enough to supervise the model.,"Contact mode support, embodiment limits, and deployment perturbations.","Branch collapse, hidden-mode shift, and tail-risk planning failures.",Generic world models and generic uncertainty are crowded.,Non smooth mechanics for foundation policies keeps action-critical alternatives explicit until a physical observation collapses them.
63,doi:10.1016/j.ijnonlinmec.2022.104343,Continuation analysis of overhung rotor bouncing cycles with smooth and contact nonlinearities,2023,International Journal of Non-Linear Mechanics,https://doi.org/10.1016/j.ijnonlinmec.2022.104343,Addresses classical mechanics and robot foundation models or a neighboring robotics mechanism.,"Prior work usually predicts, ranks, filters, or imitates observed behavior rather than preserving unrealized branches.",The observed outcome is enough to supervise the model.,"Contact mode support, embodiment limits, and deployment perturbations.","Branch collapse, hidden-mode shift, and tail-risk planning failures.",Generic world models and generic uncertainty are crowded.,Non smooth mechanics for foundation policies keeps action-critical alternatives explicit until a physical observation collapses them.
64,arxiv:2507.07829v1,Towards Benchmarking Foundation Models for Tabular Data With Text,2025,arXiv,http://arxiv.org/abs/2507.07829v1,Addresses classical mechanics and robot foundation models or a neighboring robotics mechanism.,"Prior work usually predicts, ranks, filters, or imitates observed behavior rather than preserving unrealized branches.",The observed outcome is enough to supervise the model.,"Contact mode support, embodiment limits, and deployment perturbations.","Branch collapse, hidden-mode shift, and tail-risk planning failures.",Generic world models and generic uncertainty are crowded.,Non smooth mechanics for foundation policies keeps action-critical alternatives explicit until a physical observation collapses them.
65,doi:10.4028/www.scientific.net/amm.256-259.979,A General Form of Constitutive Relations in Non-Smooth Elastoplasticity,2012,Applied Mechanics and Materials,https://doi.org/10.4028/www.scientific.net/amm.256-259.979,Addresses classical mechanics and robot foundation models or a neighboring robotics mechanism.,"Prior work usually predicts, ranks, filters, or imitates observed behavior rather than preserving unrealized branches.",The observed outcome is enough to supervise the model.,"Contact mode support, embodiment limits, and deployment perturbations.","Branch collapse, hidden-mode shift, and tail-risk planning failures.",Generic world models and generic uncertainty are crowded.,Non smooth mechanics for foundation policies keeps action-critical alternatives explicit until a physical observation collapses them.
66,doi:10.1002/mma.811,Non‐standard finite difference schemes for multi‐dimensional second‐order systems in non‐smooth mechanics,2007,Mathematical Methods in the Applied Sciences,https://doi.org/10.1002/mma.811,Addresses classical mechanics and robot foundation models or a neighboring robotics mechanism.,"Prior work usually predicts, ranks, filters, or imitates observed behavior rather than preserving unrealized branches.",The observed outcome is enough to supervise the model.,"Contact mode support, embodiment limits, and deployment perturbations.","Branch collapse, hidden-mode shift, and tail-risk planning failures.",Generic world models and generic uncertainty are crowded.,Non smooth mechanics for foundation policies keeps action-critical alternatives explicit until a physical observation collapses them.
67,doi:10.1016/j.euromechsol.2010.03.011,Shakedown theorems and asymptotic behaviour of solids in non-smooth mechanics,2010,European Journal of Mechanics - A/Solids,https://doi.org/10.1016/j.euromechsol.2010.03.011,Addresses classical mechanics and robot foundation models or a neighboring robotics mechanism.,"Prior work usually predicts, ranks, filters, or imitates observed behavior rather than preserving unrealized branches.",The observed outcome is enough to supervise the model.,"Contact mode support, embodiment limits, and deployment perturbations.","Branch collapse, hidden-mode shift, and tail-risk planning failures.",Generic world models and generic uncertainty are crowded.,Non smooth mechanics for foundation policies keeps action-critical alternatives explicit until a physical observation collapses them.
68,doi:10.1016/s0020-7462(98)00037-7,Group classification of a non-Newtonian fluid model using classical approach and equivalence transformations,1999,International Journal of Non-Linear Mechanics,https://doi.org/10.1016/s0020-7462(98)00037-7,Addresses classical mechanics and robot foundation models or a neighboring robotics mechanism.,"Prior work usually predicts, ranks, filters, or imitates observed behavior rather than preserving unrealized branches.",The observed outcome is enough to supervise the model.,"Contact mode support, embodiment limits, and deployment perturbations.","Branch collapse, hidden-mode shift, and tail-risk planning failures.",Generic world models and generic uncertainty are crowded.,Non smooth mechanics for foundation policies keeps action-critical alternatives explicit until a physical observation collapses them.
69,doi:10.1201/9781351003629-72,Modelling rockfall dynamics using (convex) non-smooth mechanics,2018,Numerical Methods in Geotechnical Engineering IX,https://doi.org/10.1201/9781351003629-72,Addresses classical mechanics and robot foundation models or a neighboring robotics mechanism.,"Prior work usually predicts, ranks, filters, or imitates observed behavior rather than preserving unrealized branches.",The observed outcome is enough to supervise the model.,"Contact mode support, embodiment limits, and deployment perturbations.","Branch collapse, hidden-mode shift, and tail-risk planning failures.",Generic world models and generic uncertainty are crowded.,Non smooth mechanics for foundation policies keeps action-critical alternatives explicit until a physical observation collapses them.
70,doi:10.1016/j.jrmge.2013.12.003,Discrete modeling of rock joints with a smooth-joint contact model,2014,Journal of Rock Mechanics and Geotechnical Engineering,https://doi.org/10.1016/j.jrmge.2013.12.003,Addresses classical mechanics and robot foundation models or a neighboring robotics mechanism.,"Prior work usually predicts, ranks, filters, or imitates observed behavior rather than preserving unrealized branches.",The observed outcome is enough to supervise the model.,"Contact mode support, embodiment limits, and deployment perturbations.","Branch collapse, hidden-mode shift, and tail-risk planning failures.",Generic world models and generic uncertainty are crowded.,Non smooth mechanics for foundation policies keeps action-critical alternatives explicit until a physical observation collapses them.
71,doi:10.1016/j.ijnonlinmec.2021.103805,On the mechanics of inflated hyperelastic membrane–membrane contact problem,2021,International Journal of Non-Linear Mechanics,https://doi.org/10.1016/j.ijnonlinmec.2021.103805,Addresses classical mechanics and robot foundation models or a neighboring robotics mechanism.,"Prior work usually predicts, ranks, filters, or imitates observed behavior rather than preserving unrealized branches.",The observed outcome is enough to supervise the model.,"Contact mode support, embodiment limits, and deployment perturbations.","Branch collapse, hidden-mode shift, and tail-risk planning failures.",Generic world models and generic uncertainty are crowded.,Non smooth mechanics for foundation policies keeps action-critical alternatives explicit until a physical observation collapses them.
72,doi:10.1016/j.euromechsol.2026.106085,Smooth contact of interface crack faces under complex loading,2026,European Journal of Mechanics - A/Solids,https://doi.org/10.1016/j.euromechsol.2026.106085,Addresses classical mechanics and robot foundation models or a neighboring robotics mechanism.,"Prior work usually predicts, ranks, filters, or imitates observed behavior rather than preserving unrealized branches.",The observed outcome is enough to supervise the model.,"Contact mode support, embodiment limits, and deployment perturbations.","Branch collapse, hidden-mode shift, and tail-risk planning failures.",Generic world models and generic uncertainty are crowded.,Non smooth mechanics for foundation policies keeps action-critical alternatives explicit until a physical observation collapses them.
73,doi:10.1016/j.ijnonlinmec.2025.105254,A non-iterative method for nonlinear modal analysis of frictional systems using contact-state interpolation,2026,International Journal of Non-Linear Mechanics,https://doi.org/10.1016/j.ijnonlinmec.2025.105254,Addresses classical mechanics and robot foundation models or a neighboring robotics mechanism.,"Prior work usually predicts, ranks, filters, or imitates observed behavior rather than preserving unrealized branches.",The observed outcome is enough to supervise the model.,"Contact mode support, embodiment limits, and deployment perturbations.","Branch collapse, hidden-mode shift, and tail-risk planning failures.",Generic world models and generic uncertainty are crowded.,Non smooth mechanics for foundation policies keeps action-critical alternatives explicit until a physical observation collapses them.
74,doi:10.1016/j.ijnonlinmec.2005.07.005,Non-classical symmetry and Riemann invariants,2006,International Journal of Non-Linear Mechanics,https://doi.org/10.1016/j.ijnonlinmec.2005.07.005,Addresses classical mechanics and robot foundation models or a neighboring robotics mechanism.,"Prior work usually predicts, ranks, filters, or imitates observed behavior rather than preserving unrealized branches.",The observed outcome is enough to supervise the model.,"Contact mode support, embodiment limits, and deployment perturbations.","Branch collapse, hidden-mode shift, and tail-risk planning failures.",Generic world models and generic uncertainty are crowded.,Non smooth mechanics for foundation policies keeps action-critical alternatives explicit until a physical observation collapses them.
75,doi:10.3390/lubricants7070059,Non Smooth Contact Dynamics Approach for Mechanical Systems Subjected to Friction-Induced Vibration,2019,Lubricants,https://doi.org/10.3390/lubricants7070059,Addresses classical mechanics and robot foundation models or a neighboring robotics mechanism.,"Prior work usually predicts, ranks, filters, or imitates observed behavior rather than preserving unrealized branches.",The observed outcome is enough to supervise the model.,"Contact mode support, embodiment limits, and deployment perturbations.","Branch collapse, hidden-mode shift, and tail-risk planning failures.",Generic world models and generic uncertainty are crowded.,Non smooth mechanics for foundation policies keeps action-critical alternatives explicit until a physical observation collapses them.
76,doi:10.1109/robosoft55895.2023.10121919,An Efficient Framework for the Solution of Contact Mechanics Problems in Soft Robotics,2023,2023 IEEE International Conference on Soft Robotics (RoboSoft),https://doi.org/10.1109/robosoft55895.2023.10121919,Addresses classical mechanics and robot foundation models or a neighboring robotics mechanism.,"Prior work usually predicts, ranks, filters, or imitates observed behavior rather than preserving unrealized branches.",The observed outcome is enough to supervise the model.,"Contact mode support, embodiment limits, and deployment perturbations.","Branch collapse, hidden-mode shift, and tail-risk planning failures.",Generic world models and generic uncertainty are crowded.,Non smooth mechanics for foundation policies keeps action-critical alternatives explicit until a physical observation collapses them.
77,doi:10.1017/jfm.2023.835,Revisiting the role of friction coefficients in granular collapses: confrontation of 3-D non-smooth simulations with experiments,2023,Journal of Fluid Mechanics,https://doi.org/10.1017/jfm.2023.835,Addresses classical mechanics and robot foundation models or a neighboring robotics mechanism.,"Prior work usually predicts, ranks, filters, or imitates observed behavior rather than preserving unrealized branches.",The observed outcome is enough to supervise the model.,"Contact mode support, embodiment limits, and deployment perturbations.","Branch collapse, hidden-mode shift, and tail-risk planning failures.",Generic world models and generic uncertainty are crowded.,Non smooth mechanics for foundation policies keeps action-critical alternatives explicit until a physical observation collapses them.
78,doi:10.1016/j.ijnonlinmec.2009.12.011,Parametric vibrations and stability of an axially accelerating string guided by a non-linear elastic foundation,2010,International Journal of Non-Linear Mechanics,https://doi.org/10.1016/j.ijnonlinmec.2009.12.011,Addresses classical mechanics and robot foundation models or a neighboring robotics mechanism.,"Prior work usually predicts, ranks, filters, or imitates observed behavior rather than preserving unrealized branches.",The observed outcome is enough to supervise the model.,"Contact mode support, embodiment limits, and deployment perturbations.","Branch collapse, hidden-mode shift, and tail-risk planning failures.",Generic world models and generic uncertainty are crowded.,Non smooth mechanics for foundation policies keeps action-critical alternatives explicit until a physical observation collapses them.
79,doi:10.3982/ecta18009,Model and Predictive Uncertainty: A Foundation for Smooth Ambiguity Preferences,2022,Econometrica,https://doi.org/10.3982/ecta18009,Addresses classical mechanics and robot foundation models or a neighboring robotics mechanism.,"Prior work usually predicts, ranks, filters, or imitates observed behavior rather than preserving unrealized branches.",The observed outcome is enough to supervise the model.,"Contact mode support, embodiment limits, and deployment perturbations.","Branch collapse, hidden-mode shift, and tail-risk planning failures.",Generic world models and generic uncertainty are crowded.,Non smooth mechanics for foundation policies keeps action-critical alternatives explicit until a physical observation collapses them.
80,doi:10.3390/s25185898,Multimodal Large Language Model-Enabled Machine Intelligent Fault Diagnosis Method with Non-Contact Dynamic Vision Data,2025,Sensors,https://doi.org/10.3390/s25185898,Addresses classical mechanics and robot foundation models or a neighboring robotics mechanism.,"Prior work usually predicts, ranks, filters, or imitates observed behavior rather than preserving unrealized branches.",The observed outcome is enough to supervise the model.,"Contact mode support, embodiment limits, and deployment perturbations.","Branch collapse, hidden-mode shift, and tail-risk planning failures.",Generic world models and generic uncertainty are crowded.,Non smooth mechanics for foundation policies keeps action-critical alternatives explicit until a physical observation collapses them.
81,doi:10.3389/frobt.2022.782783,Non-Smooth Control Barrier Navigation Functions for STL Motion Planning,2022,Frontiers in Robotics and AI,https://doi.org/10.3389/frobt.2022.782783,Addresses classical mechanics and robot foundation models or a neighboring robotics mechanism.,"Prior work usually predicts, ranks, filters, or imitates observed behavior rather than preserving unrealized branches.",The observed outcome is enough to supervise the model.,"Contact mode support, embodiment limits, and deployment perturbations.","Branch collapse, hidden-mode shift, and tail-risk planning failures.",Generic world models and generic uncertainty are crowded.,Non smooth mechanics for foundation policies keeps action-critical alternatives explicit until a physical observation collapses them.
82,doi:10.1016/j.ijnonlinmec.2007.10.004,Non-linear dynamic intertwining of rods with self-contact,2008,International Journal of Non-Linear Mechanics,https://doi.org/10.1016/j.ijnonlinmec.2007.10.004,Addresses classical mechanics and robot foundation models or a neighboring robotics mechanism.,"Prior work usually predicts, ranks, filters, or imitates observed behavior rather than preserving unrealized branches.",The observed outcome is enough to supervise the model.,"Contact mode support, embodiment limits, and deployment perturbations.","Branch collapse, hidden-mode shift, and tail-risk planning failures.",Generic world models and generic uncertainty are crowded.,Non smooth mechanics for foundation policies keeps action-critical alternatives explicit until a physical observation collapses them.
83,doi:10.1515/math-2022-0594,A non-smooth Brezis-Oswald uniqueness result,2023,Open Mathematics,https://doi.org/10.1515/math-2022-0594,Addresses classical mechanics and robot foundation models or a neighboring robotics mechanism.,"Prior work usually predicts, ranks, filters, or imitates observed behavior rather than preserving unrealized branches.",The observed outcome is enough to supervise the model.,"Contact mode support, embodiment limits, and deployment perturbations.","Branch collapse, hidden-mode shift, and tail-risk planning failures.",Generic world models and generic uncertainty are crowded.,Non smooth mechanics for foundation policies keeps action-critical alternatives explicit until a physical observation collapses them.
84,doi:10.1017/9781316687161,Non-Relativistic Quantum Mechanics,2017,,https://doi.org/10.1017/9781316687161,Addresses classical mechanics and robot foundation models or a neighboring robotics mechanism.,"Prior work usually predicts, ranks, filters, or imitates observed behavior rather than preserving unrealized branches.",The observed outcome is enough to supervise the model.,"Contact mode support, embodiment limits, and deployment perturbations.","Branch collapse, hidden-mode shift, and tail-risk planning failures.",Generic world models and generic uncertainty are crowded.,Non smooth mechanics for foundation policies keeps action-critical alternatives explicit until a physical observation collapses them.
85,doi:10.1016/j.jnnfm.2022.104818,The effect of non-Newtonian behavior on contact formation in an external gear pump,2022,Journal of Non-Newtonian Fluid Mechanics,https://doi.org/10.1016/j.jnnfm.2022.104818,Addresses classical mechanics and robot foundation models or a neighboring robotics mechanism.,"Prior work usually predicts, ranks, filters, or imitates observed behavior rather than preserving unrealized branches.",The observed outcome is enough to supervise the model.,"Contact mode support, embodiment limits, and deployment perturbations.","Branch collapse, hidden-mode shift, and tail-risk planning failures.",Generic world models and generic uncertainty are crowded.,Non smooth mechanics for foundation policies keeps action-critical alternatives explicit until a physical observation collapses them.
86,doi:10.52843/cassyni.p5t788,Rub Related Nonlinear Dynamics in a Noisy Non-Smooth Jeffcott Rotor Model,,,https://doi.org/10.52843/cassyni.p5t788,Addresses classical mechanics and robot foundation models or a neighboring robotics mechanism.,"Prior work usually predicts, ranks, filters, or imitates observed behavior rather than preserving unrealized branches.",The observed outcome is enough to supervise the model.,"Contact mode support, embodiment limits, and deployment perturbations.","Branch collapse, hidden-mode shift, and tail-risk planning failures.",Generic world models and generic uncertainty are crowded.,Non smooth mechanics for foundation policies keeps action-critical alternatives explicit until a physical observation collapses them.
87,doi:10.52843/cassyni.bjss09,Rub Related Nonlinear Dynamics in a Noisy Non-Smooth Jeffcott Rotor Model,,,https://doi.org/10.52843/cassyni.bjss09,Addresses classical mechanics and robot foundation models or a neighboring robotics mechanism.,"Prior work usually predicts, ranks, filters, or imitates observed behavior rather than preserving unrealized branches.",The observed outcome is enough to supervise the model.,"Contact mode support, embodiment limits, and deployment perturbations.","Branch collapse, hidden-mode shift, and tail-risk planning failures.",Generic world models and generic uncertainty are crowded.,Non smooth mechanics for foundation policies keeps action-critical alternatives explicit until a physical observation collapses them.
88,doi:10.21203/rs.3.rs-6777882/v1,A Non-Smooth Dual-Primal Meshless Approach for Deformable Multibody Dynamics,,,https://doi.org/10.21203/rs.3.rs-6777882/v1,Addresses classical mechanics and robot foundation models or a neighboring robotics mechanism.,"Prior work usually predicts, ranks, filters, or imitates observed behavior rather than preserving unrealized branches.",The observed outcome is enough to supervise the model.,"Contact mode support, embodiment limits, and deployment perturbations.","Branch collapse, hidden-mode shift, and tail-risk planning failures.",Generic world models and generic uncertainty are crowded.,Non smooth mechanics for foundation policies keeps action-critical alternatives explicit until a physical observation collapses them.
89,doi:10.1016/j.ijnonlinmec.2019.01.006,Higher modes and higher harmonics in the non-contact atomic force microscopy,2019,International Journal of Non-Linear Mechanics,https://doi.org/10.1016/j.ijnonlinmec.2019.01.006,Addresses classical mechanics and robot foundation models or a neighboring robotics mechanism.,"Prior work usually predicts, ranks, filters, or imitates observed behavior rather than preserving unrealized branches.",The observed outcome is enough to supervise the model.,"Contact mode support, embodiment limits, and deployment perturbations.","Branch collapse, hidden-mode shift, and tail-risk planning failures.",Generic world models and generic uncertainty are crowded.,Non smooth mechanics for foundation policies keeps action-critical alternatives explicit until a physical observation collapses them.
90,doi:10.1007/978-3-642-01100-9_3,Non-Smooth Mechanics,2009,Lecture Notes in Applied and Computational Mechanics Numerics of Unilateral Contacts and Friction,https://doi.org/10.1007/978-3-642-01100-9_3,Addresses classical mechanics and robot foundation models or a neighboring robotics mechanism.,"Prior work usually predicts, ranks, filters, or imitates observed behavior rather than preserving unrealized branches.",The observed outcome is enough to supervise the model.,"Contact mode support, embodiment limits, and deployment perturbations.","Branch collapse, hidden-mode shift, and tail-risk planning failures.",Generic world models and generic uncertainty are crowded.,Non smooth mechanics for foundation policies keeps action-critical alternatives explicit until a physical observation collapses them.
91,doi:10.3934/cpaa.2009.8.161,A Numerical Method for a Non-Smooth Advection-Diffusion Problem Arising in Sand Mechanics,2009,Communications on Pure and Applied Analysis,https://doi.org/10.3934/cpaa.2009.8.161,Addresses classical mechanics and robot foundation models or a neighboring robotics mechanism.,"Prior work usually predicts, ranks, filters, or imitates observed behavior rather than preserving unrealized branches.",The observed outcome is enough to supervise the model.,"Contact mode support, embodiment limits, and deployment perturbations.","Branch collapse, hidden-mode shift, and tail-risk planning failures.",Generic world models and generic uncertainty are crowded.,Non smooth mechanics for foundation policies keeps action-critical alternatives explicit until a physical observation collapses them.
92,doi:10.15607/rss.2020.xvi.005,Non-revisiting Coverage Task with Minimal Discontinuities for Non-redundant Manipulators,2020,Robotics: Science and Systems XVI,https://doi.org/10.15607/rss.2020.xvi.005,Addresses classical mechanics and robot foundation models or a neighboring robotics mechanism.,"Prior work usually predicts, ranks, filters, or imitates observed behavior rather than preserving unrealized branches.",The observed outcome is enough to supervise the model.,"Contact mode support, embodiment limits, and deployment perturbations.","Branch collapse, hidden-mode shift, and tail-risk planning failures.",Generic world models and generic uncertainty are crowded.,Non smooth mechanics for foundation policies keeps action-critical alternatives explicit until a physical observation collapses them.
93,doi:10.1115/detc2010-28750,Evaluation of Contact Force and Elastic Foundation Models for Wear Analysis of Multibody Systems,2010,"Volume 2: 34th Annual Mechanisms and Robotics Conference, Parts A and B",https://doi.org/10.1115/detc2010-28750,Addresses classical mechanics and robot foundation models or a neighboring robotics mechanism.,"Prior work usually predicts, ranks, filters, or imitates observed behavior rather than preserving unrealized branches.",The observed outcome is enough to supervise the model.,"Contact mode support, embodiment limits, and deployment perturbations.","Branch collapse, hidden-mode shift, and tail-risk planning failures.",Generic world models and generic uncertainty are crowded.,Non smooth mechanics for foundation policies keeps action-critical alternatives explicit until a physical observation collapses them.
94,doi:10.1016/j.ijnonlinmec.2015.09.013,Non-local free and forced vibrations of graded nanobeams resting on a non-linear elastic foundation,2015,International Journal of Non-Linear Mechanics,https://doi.org/10.1016/j.ijnonlinmec.2015.09.013,Addresses classical mechanics and robot foundation models or a neighboring robotics mechanism.,"Prior work usually predicts, ranks, filters, or imitates observed behavior rather than preserving unrealized branches.",The observed outcome is enough to supervise the model.,"Contact mode support, embodiment limits, and deployment perturbations.","Branch collapse, hidden-mode shift, and tail-risk planning failures.",Generic world models and generic uncertainty are crowded.,Non smooth mechanics for foundation policies keeps action-critical alternatives explicit until a physical observation collapses them.
95,doi:10.1016/j.ijnonlinmec.2024.104960,Derivation of a stability and non-bifurcation criterion for frictional contact problems,2025,International Journal of Non-Linear Mechanics,https://doi.org/10.1016/j.ijnonlinmec.2024.104960,Addresses classical mechanics and robot foundation models or a neighboring robotics mechanism.,"Prior work usually predicts, ranks, filters, or imitates observed behavior rather than preserving unrealized branches.",The observed outcome is enough to supervise the model.,"Contact mode support, embodiment limits, and deployment perturbations.","Branch collapse, hidden-mode shift, and tail-risk planning failures.",Generic world models and generic uncertainty are crowded.,Non smooth mechanics for foundation policies keeps action-critical alternatives explicit until a physical observation collapses them.
96,doi:10.1609/aaai.v30i1.10074,Relaxed Majorization-Minimization for Non-Smooth and Non-Convex Optimization,2016,Proceedings of the AAAI Conference on Artificial Intelligence,https://doi.org/10.1609/aaai.v30i1.10074,Addresses classical mechanics and robot foundation models or a neighboring robotics mechanism.,"Prior work usually predicts, ranks, filters, or imitates observed behavior rather than preserving unrealized branches.",The observed outcome is enough to supervise the model.,"Contact mode support, embodiment limits, and deployment perturbations.","Branch collapse, hidden-mode shift, and tail-risk planning failures.",Generic world models and generic uncertainty are crowded.,Non smooth mechanics for foundation policies keeps action-critical alternatives explicit until a physical observation collapses them.
97,doi:10.46298/jtcam.11611,An explicit dynamics framework suited to highly non-smooth interface behaviors,2024,"Journal of Theoretical, Computational and Applied Mechanics",https://doi.org/10.46298/jtcam.11611,Addresses classical mechanics and robot foundation models or a neighboring robotics mechanism.,"Prior work usually predicts, ranks, filters, or imitates observed behavior rather than preserving unrealized branches.",The observed outcome is enough to supervise the model.,"Contact mode support, embodiment limits, and deployment perturbations.","Branch collapse, hidden-mode shift, and tail-risk planning failures.",Generic world models and generic uncertainty are crowded.,Non smooth mechanics for foundation policies keeps action-critical alternatives explicit until a physical observation collapses them.
98,doi:10.1016/s0020-7462(96)00057-1,Postbuckling and vibration of shear deformable flat and curved panels on a non-linear elastic foundation,1997,International Journal of Non-Linear Mechanics,https://doi.org/10.1016/s0020-7462(96)00057-1,Addresses classical mechanics and robot foundation models or a neighboring robotics mechanism.,"Prior work usually predicts, ranks, filters, or imitates observed behavior rather than preserving unrealized branches.",The observed outcome is enough to supervise the model.,"Contact mode support, embodiment limits, and deployment perturbations.","Branch collapse, hidden-mode shift, and tail-risk planning failures.",Generic world models and generic uncertainty are crowded.,Non smooth mechanics for foundation policies keeps action-critical alternatives explicit until a physical observation collapses them.
99,doi:10.7712/120119.7022.19032,NON-SMOOTH MECHANICS MODELLING OF ROCK-TREE AND ROCK-FOREST INTERACTIONS,2019,Proceedings of the 7th International Conference on Computational Methods in Structural Dynamics and Earthquake Engineering (COMPDYN 2015),https://doi.org/10.7712/120119.7022.19032,Addresses classical mechanics and robot foundation models or a neighboring robotics mechanism.,"Prior work usually predicts, ranks, filters, or imitates observed behavior rather than preserving unrealized branches.",The observed outcome is enough to supervise the model.,"Contact mode support, embodiment limits, and deployment perturbations.","Branch collapse, hidden-mode shift, and tail-risk planning failures.",Generic world models and generic uncertainty are crowded.,Non smooth mechanics for foundation policies keeps action-critical alternatives explicit until a physical observation collapses them.
100,doi:10.1016/j.ijnonlinmec.2010.09.017,A new method for the non-linear deflection analysis of an infinite beam resting on a non-linear elastic foundation,2011,International Journal of Non-Linear Mechanics,https://doi.org/10.1016/j.ijnonlinmec.2010.09.017,Addresses classical mechanics and robot foundation models or a neighboring robotics mechanism.,"Prior work usually predicts, ranks, filters, or imitates observed behavior rather than preserving unrealized branches.",The observed outcome is enough to supervise the model.,"Contact mode support, embodiment limits, and deployment perturbations.","Branch collapse, hidden-mode shift, and tail-risk planning failures.",Generic world models and generic uncertainty are crowded.,Non smooth mechanics for foundation policies keeps action-critical alternatives explicit until a physical observation collapses them.
